horizon,model,phase_offset,n,mae_skill_zero,brier_skill_frequency,direction_accuracy
5,baseline,0,11,0.0,0.0,0.45454545454545453
5,baseline,1,13,0.0,0.0,0.3076923076923077
5,baseline,2,16,0.0,0.0,0.25
5,baseline,3,11,0.0,0.0,0.2727272727272727
5,baseline,4,16,0.0,0.0,0.5
5,internal,0,11,-0.00027025876287633047,0.051636708937643494,0.45454545454545453
5,internal,1,13,-0.0012618184616809656,-0.022722306567217743,0.3076923076923077
5,internal,2,16,-0.0002816971367503064,0.015801876775455637,0.25
5,internal,3,11,-0.000994446077020695,0.01962365591283899,0.2727272727272727
5,internal,4,16,-0.0007793964865838183,0.02123844122873142,0.375
5,local,0,11,-0.0007645746349572314,0.03556553843951393,0.45454545454545453
5,local,1,13,-0.0011541038821693845,0.0559465234767641,0.5384615384615384
5,local,2,16,-0.0003415172753428869,0.029605284748291716,0.3125
5,local,3,11,-0.0013716076887268728,-0.009616331261718125,0.2727272727272727
5,local,4,16,-0.0007852577685221775,0.06942282574222958,0.375
5,turkey,0,11,0.00040427649974894564,0.13871985815674182,0.5454545454545454
5,turkey,1,13,-0.001587940228471892,-0.07523521351623552,0.38461538461538464
5,turkey,2,16,-0.0007571217140312503,-0.025553638518054478,0.1875
5,turkey,3,11,-0.001108201562399944,0.092254391522816,0.5454545454545454
5,turkey,4,16,-4.08125862895025e-05,0.03647112608629355,0.4375
5,combined,0,11,-0.0001912306938618557,0.10710307986411638,0.5454545454545454
5,combined,1,13,-0.0016177471209795243,-0.0008697547385723148,0.38461538461538464
5,combined,2,16,-0.0008239173046328471,-0.051925276603992376,0.3125
5,combined,3,11,-0.0014077607449195177,0.0560867989106808,0.45454545454545453
5,combined,4,16,6.301292666443734e-05,0.10169464331477185,0.625
5,nonlinear,0,11,-0.00016152032321583437,0.09332273189327656,0.5454545454545454
5,nonlinear,1,13,-0.0014070381612867298,0.035853385935647464,0.46153846153846156
5,nonlinear,2,16,-0.0008158161468046488,-0.04079288742752318,0.375
5,nonlinear,3,11,-0.001972473337166462,0.0375817808074187,0.45454545454545453
5,nonlinear,4,16,8.753850634302292e-05,0.10067106766800493,0.625
10,baseline,0,7,0.0,0.0,0.2857142857142857
10,baseline,1,7,0.0,0.0,0.42857142857142855
10,baseline,2,7,0.0,0.0,0.2857142857142857
10,baseline,3,8,0.0,0.0,0.125
10,baseline,4,7,0.0,0.0,0.7142857142857143
10,baseline,5,4,0.0,0.0,0.25
10,baseline,6,6,0.0,0.0,0.5
10,baseline,7,8,0.0,0.0,0.375
10,baseline,8,4,0.0,0.0,0.25
10,baseline,9,9,0.0,0.0,0.4444444444444444
10,internal,0,7,-0.001319816288208528,-0.0033924233348210375,0.42857142857142855
10,internal,1,7,-0.0018580895599037955,-0.037867149980490455,0.42857142857142855
10,internal,2,7,6.599856384497879e-05,-0.022470292750408127,0.5714285714285714
10,internal,3,8,-0.0015222501349459287,-0.03189430825389672,0.25
10,internal,4,7,0.0004074728047463276,0.05695619879032815,0.7142857142857143
10,internal,5,4,-0.002602843626380462,-0.11428742493985344,0.0
10,internal,6,6,-0.002616311937898238,-0.07459634039697982,0.3333333333333333
10,internal,7,8,0.0007578021141685341,-0.008703806915009604,0.5
10,internal,8,4,-0.0014783445153429692,-0.027126205062710573,0.5
10,internal,9,9,-0.0007806450383345334,0.03142780022184144,0.6666666666666666
10,local,0,7,-0.0025102586576750737,-0.09588886335587288,0.14285714285714285
10,local,1,7,-0.002425511543276058,-0.11136359022830244,0.5714285714285714
10,local,2,7,-0.0007628643240185813,0.014863970696365802,0.5714285714285714
10,local,3,8,-0.0023972769850056017,-0.13047909866593976,0.125
10,local,4,7,0.0010591726637339538,0.0020602200026615947,0.7142857142857143
10,local,5,4,-0.004674264301818158,-0.20237526626660152,0.0
10,local,6,6,-0.0009630887583067897,-0.06348144412280143,0.3333333333333333
10,local,7,8,-0.00029161256954994205,-0.061467641059207434,0.375
10,local,8,4,-0.0006780055792495396,0.020716323962237215,0.75
10,local,9,9,-0.0007045486395406211,0.023678109373539757,0.6666666666666666
10,turkey,0,7,-0.0017755513675882136,-0.06264036330282119,0.2857142857142857
10,turkey,1,7,-0.00321607161404373,-0.15031714493277093,0.2857142857142857
10,turkey,2,7,-0.0006055365416541975,0.04000457271188118,0.7142857142857143
10,turkey,3,8,-0.0025958785485613416,-0.0798458274929148,0.25
10,turkey,4,7,0.0009777954246105655,0.01753182979002532,0.5714285714285714
10,turkey,5,4,-0.0011456854194697441,-0.08477547677175379,0.25
10,turkey,6,6,-0.0031040103601322998,-0.14613477667411257,0.3333333333333333
10,turkey,7,8,-0.0008917865862925443,-0.12538734607717616,0.375
10,turkey,8,4,-0.00122676680167072,0.045158939250744434,0.5
10,turkey,9,9,-0.0018446827619241456,-0.06658941984099676,0.4444444444444444
10,combined,0,7,-0.0024738843093554033,-0.13083892351725135,0.14285714285714285
10,combined,1,7,-0.004612174868664921,-0.14404948198173717,0.42857142857142855
10,combined,2,7,-0.0010405254955795883,0.027088131356750145,0.5714285714285714
10,combined,3,8,-0.0031043487212323653,-0.14700531659163363,0.25
10,combined,4,7,0.0009499517263664575,-0.06130480144389894,0.7142857142857143
10,combined,5,4,-0.0031441712219330772,-0.16081080204544074,0.25
10,combined,6,6,-0.0004599873562303215,-0.04354683955829919,0.6666666666666666
10,combined,7,8,-0.0017346169131314745,-0.17104747307070955,0.25
10,combined,8,4,0.0006868579846580486,0.1119443563610037,0.75
10,combined,9,9,-0.0013435006055576397,-0.06650452412276875,0.4444444444444444
10,nonlinear,0,7,-0.001042562627829138,-0.05939176084037523,0.2857142857142857
10,nonlinear,1,7,-0.003943299488255562,-0.18316819755067215,0.14285714285714285
10,nonlinear,2,7,-0.002378942526878886,-0.012873668103025815,0.2857142857142857
10,nonlinear,3,8,-0.001978592805409466,-0.1639412064655157,0.25
10,nonlinear,4,7,0.0019889276429342732,-0.007392898256290081,0.5714285714285714
10,nonlinear,5,4,-0.0032028256779256976,-0.14972711588632026,0.25
10,nonlinear,6,6,0.0002186351796055995,0.04140842754825391,0.6666666666666666
10,nonlinear,7,8,-0.0007226215767050792,-0.09324084816367795,0.25
10,nonlinear,8,4,-0.0012590721783735104,0.18899494386938487,0.75
10,nonlinear,9,9,-0.0010240705071792276,-0.06991674252405311,0.4444444444444444
15,baseline,0,3,0.0,0.0,0.3333333333333333
15,baseline,1,5,0.0,0.0,0.2
15,baseline,2,6,0.0,0.0,0.6666666666666666
15,baseline,3,3,0.0,0.0,0.3333333333333333
15,baseline,4,4,0.0,0.0,0.25
15,baseline,5,5,0.0,0.0,0.4
15,baseline,6,4,0.0,0.0,0.75
15,baseline,7,3,0.0,0.0,0.3333333333333333
15,baseline,8,4,0.0,0.0,0.5
15,baseline,9,6,0.0,0.0,0.8333333333333334
15,baseline,10,4,0.0,0.0,0.0
15,baseline,11,3,0.0,0.0,0.0
15,baseline,12,5,0.0,0.0,0.2
15,baseline,13,4,0.0,0.0,0.5
15,baseline,14,5,0.0,0.0,0.4
15,internal,0,3,-0.0017847753345407967,0.0511468923097011,0.6666666666666666
15,internal,1,5,-0.005073777173081707,-0.0625952249721009,0.4
15,internal,2,6,0.004946647248157982,0.12191180162950399,0.8333333333333334
15,internal,3,3,-0.00542331526129511,-0.10363804575575464,0.3333333333333333
15,internal,4,4,0.005027950633850118,0.14119653646424074,0.5
15,internal,5,5,-0.0051179493910674355,-0.05198687799563151,0.4
15,internal,6,4,-0.0047354790016257,0.05338427080376951,0.5
15,internal,7,3,0.0018892302231522974,0.06251352991491865,0.3333333333333333
15,internal,8,4,-0.004120843816283963,-0.06715889026796606,0.5
15,internal,9,6,-0.000702593669477742,-0.0006721937146546564,0.3333333333333333
15,internal,10,4,-0.003813792365857046,-0.053281793460502436,0.5
15,internal,11,3,-0.01504356868244196,-0.24523752363516904,0.0
15,internal,12,5,-0.002796605367147466,0.06983195606187853,0.2
15,internal,13,4,-0.006360164718867519,-0.020983909907786535,0.25
15,internal,14,5,-0.0023270372948367597,0.023832563886256874,0.4
15,local,0,3,-0.004309333403881392,-0.0012735107961829861,0.3333333333333333
15,local,1,5,-0.004783664628651714,-0.06639360519012394,0.6
15,local,2,6,0.004465002782220392,0.10711249639998394,0.8333333333333334
15,local,3,3,-0.005999472054068155,-0.10346319756087285,0.0
15,local,4,4,0.001434339997327748,0.03175072458657746,0.5
15,local,5,5,-0.007533002333983099,-0.04902147535487433,0.4
15,local,6,4,-0.00044123697004910464,0.1669074617608416,0.75
15,local,7,3,0.005293085987683424,0.10833522431072001,0.3333333333333333
15,local,8,4,-0.004506713406659549,-0.07865620837522913,0.5
15,local,9,6,-0.0013524951735320728,-0.06726305951876299,0.5
15,local,10,4,-0.0013896483013714801,-0.02706111602556971,0.5
15,local,11,3,-0.013894976927580734,-0.1025962632550419,0.0
15,local,12,5,-0.002426168596606184,0.05158834280008595,0.6
15,local,13,4,-0.0052343560881966955,0.02544346870727865,0.5
15,local,14,5,0.004350215852436896,0.08992895152906444,0.6
15,turkey,0,3,0.0004842803605563939,0.06267827072624943,0.6666666666666666
15,turkey,1,5,-0.004568861350351498,-0.0348334096249846,0.0
15,turkey,2,6,0.0036929475566579995,0.07949894465864521,0.6666666666666666
15,turkey,3,3,-0.007727872776437966,-0.13471003511558388,0.3333333333333333
15,turkey,4,4,0.0031453263828519276,0.07722675013042135,0.5
15,turkey,5,5,-0.0054917747288393375,-0.15232357933208496,0.4
15,turkey,6,4,-0.006920381305323388,-0.13559934913748162,0.25
15,turkey,7,3,0.0011972748837716408,0.025949515531431766,0.3333333333333333
15,turkey,8,4,-0.0052281219838058585,-0.0796305386252375,0.25
15,turkey,9,6,0.00024163270400818712,-0.026282650752090908,0.5
15,turkey,10,4,-0.0027687194784710226,-0.06469172614064689,0.5
15,turkey,11,3,-0.014319653774215114,-0.4556152578714605,0.0
15,turkey,12,5,-0.006355564442112761,-0.15181937809641421,0.2
15,turkey,13,4,-0.006486711383131727,-0.004984116999750654,0.5
15,turkey,14,5,-0.004346499347601524,-0.1202726463218392,0.4
15,combined,0,3,-0.0016563289515544866,0.010674571511898934,0.6666666666666666
15,combined,1,5,-0.004243561633597476,-0.011814930837988569,0.4
15,combined,2,6,0.003591885792957949,0.07074592016087006,0.8333333333333334
15,combined,3,3,-0.010212143787793147,-0.20549878343784778,0.0
15,combined,4,4,-0.00034871888189908287,0.00729641814896087,0.25
15,combined,5,5,-0.006172834262979616,-0.04844268303745569,0.4
15,combined,6,4,-0.007268707043318813,-0.128909616569863,0.75
15,combined,7,3,0.002836422452282397,0.03385719633216555,0.3333333333333333
15,combined,8,4,-0.005340605341163852,-0.06891016438788311,0.5
15,combined,9,6,-0.0007467841844216727,-0.1017419079765235,0.6666666666666666
15,combined,10,4,-0.0015727033044447003,-0.04171085469508928,0.5
15,combined,11,3,-0.008961546571047089,-0.27808654048900994,0.3333333333333333
15,combined,12,5,-0.0030031399199673403,0.11202985950265387,0.6
15,combined,13,4,-0.002507853770465425,0.12492971752100951,0.5
15,combined,14,5,-0.0034321126519778374,-0.1784794024451477,0.2
15,nonlinear,0,3,-0.002173221123315805,-0.005183282048329851,0.3333333333333333
15,nonlinear,1,5,-0.005303502384654841,-0.07064625994707852,0.4
15,nonlinear,2,6,0.0019529969601703896,0.034228323194126276,0.8333333333333334
15,nonlinear,3,3,-0.013055857491967388,-0.238859950660402,0.0
15,nonlinear,4,4,-0.0023138522686593603,0.04759031286945914,0.25
15,nonlinear,5,5,-0.0062178903587527985,-0.006613460034402774,0.4
15,nonlinear,6,4,-0.006217794621138702,-0.08945595445159882,0.75
15,nonlinear,7,3,0.006016933253350298,0.16066778695570733,0.6666666666666666
15,nonlinear,8,4,-0.00445606863232708,-0.06334393448458764,0.5
15,nonlinear,9,6,-0.0004675702036719999,-0.09450194201680928,0.6666666666666666
15,nonlinear,10,4,-0.0013230591363746595,-0.04293802774701583,0.5
15,nonlinear,11,3,-0.012213132326270543,-0.2150665430505031,0.3333333333333333
15,nonlinear,12,5,0.0016724605228621153,0.10128140402546848,0.6
15,nonlinear,13,4,-0.009024300750720839,0.028784709601552994,0.75
15,nonlinear,14,5,-0.00011548877098481111,-0.09884930248814305,0.2
30,baseline,0,2,0.0,0.0,1.0
30,baseline,1,3,0.0,0.0,0.0
30,baseline,2,4,0.0,0.0,1.0
30,baseline,3,1,0.0,0.0,1.0
30,baseline,4,1,0.0,0.0,0.0
30,baseline,5,2,0.0,0.0,0.5
30,baseline,6,1,0.0,0.0,0.0
30,baseline,7,2,0.0,0.0,1.0
30,baseline,8,1,0.0,0.0,0.0
30,baseline,9,3,0.0,0.0,0.6666666666666666
30,baseline,10,2,0.0,0.0,0.5
30,baseline,11,1,0.0,0.0,1.0
30,baseline,12,3,0.0,0.0,0.3333333333333333
30,baseline,13,1,0.0,0.0,0.0
30,baseline,14,3,0.0,0.0,0.6666666666666666
30,baseline,15,1,0.0,0.0,0.0
30,baseline,16,2,0.0,0.0,0.5
30,baseline,17,4,0.0,0.0,0.5
30,baseline,18,1,0.0,0.0,1.0
30,baseline,19,3,0.0,0.0,0.6666666666666666
30,baseline,20,1,0.0,0.0,0.0
30,baseline,21,3,0.0,0.0,0.6666666666666666
30,baseline,23,3,0.0,0.0,0.6666666666666666
30,baseline,24,3,0.0,0.0,0.3333333333333333
30,baseline,25,2,0.0,0.0,0.5
30,baseline,26,2,0.0,0.0,0.0
30,baseline,27,1,0.0,0.0,0.0
30,baseline,28,3,0.0,0.0,0.3333333333333333
30,baseline,29,1,0.0,0.0,1.0
30,internal,0,2,0.0032233683262898535,-0.07172526164901855,0.5
30,internal,1,3,-0.00018652140740799128,0.11578273071894085,0.6666666666666666
30,internal,2,4,0.0011498958382839472,0.029742909704430942,0.5
30,internal,3,1,0.004473436370097061,0.2529860727401091,1.0
30,internal,4,1,-0.021269442149884236,-0.6145168592579986,0.0
30,internal,5,2,-0.006175216639312052,-0.018276178601611903,0.5
30,internal,6,1,-0.011374577831788796,-0.13820020632613017,0.0
30,internal,7,2,0.004222487238294534,0.0943646930511039,1.0
30,internal,8,1,0.008769154965611842,0.23000064957053656,1.0
30,internal,9,3,-0.0007888927964592729,0.005228447634418654,0.6666666666666666
30,internal,10,2,0.009682613453253296,0.22248366593143332,1.0
30,internal,11,1,-0.047656463044453694,0.2583147492131947,1.0
30,internal,12,3,0.001875055645230335,0.06245528847971593,0.6666666666666666
30,internal,13,1,-0.016235242566801172,-0.34118437074998775,0.0
30,internal,14,3,-0.00726484379878058,-0.04940150429561485,0.6666666666666666
30,internal,15,1,0.015677351859257935,0.3104302774120496,1.0
30,internal,16,2,-0.010283090417054611,-0.0735646421185483,0.5
30,internal,17,4,-0.006178206066873727,-0.16180959882661772,0.25
30,internal,18,1,0.0081834232002276,0.2756935874512851,1.0
30,internal,19,3,0.017101944256089973,0.16734716281435746,1.0
30,internal,20,1,-0.012637674959605515,-0.21976563123341775,0.0
30,internal,21,3,-0.004931427843112575,-0.00220753512013816,0.3333333333333333
30,internal,23,3,-0.011862392428276268,-0.22933031785068647,0.3333333333333333
30,internal,24,3,0.005207341083655906,0.15840200013174877,0.6666666666666666
30,internal,25,2,0.009420373378922108,-0.010667519891426669,0.5
30,internal,26,2,-0.018003599280359335,-0.39129135686908334,0.0
30,internal,27,1,-0.029108049447940113,-0.7730362139978347,0.0
30,internal,28,3,-0.011270547150908639,-0.14042315017557683,0.0
30,internal,29,1,0.004366162930984978,-0.01665529672359506,1.0
30,local,0,2,-0.0009733578960838471,-0.21781864940016282,0.5
30,local,1,3,0.007332208703177107,0.25367725866514884,0.6666666666666666
30,local,2,4,0.006263733034458485,0.12941644446845635,1.0
30,local,3,1,0.0037199776821971314,0.05951224116683307,1.0
30,local,4,1,-0.030909119050665353,-0.7657932824355222,0.0
30,local,5,2,0.004359400430424931,0.08815924505372164,0.5
30,local,6,1,-0.02607075664249131,-0.37233907155143064,0.0
30,local,7,2,0.013979754358463409,0.1751812691717758,1.0
30,local,8,1,0.0181231776735159,0.4388421775491812,1.0
30,local,9,3,-0.003922497497696777,-0.09301879201134555,0.6666666666666666
30,local,10,2,-4.5159374804044916e-05,0.10855464557294553,0.5
30,local,11,1,-0.06089343725306337,0.22281751707716985,1.0
30,local,12,3,0.011970745389628439,0.1493420300305397,0.3333333333333333
30,local,13,1,-0.027096290168225456,-0.17674602306000065,0.0
30,local,14,3,0.006650682004758369,0.13479831201688575,0.6666666666666666
30,local,15,1,0.006990883216168316,0.2620197330514253,1.0
30,local,16,2,-0.01626014544648902,-0.3252518630217218,0.5
30,local,17,4,-0.00693027517738367,-0.09250052021370214,0.25
30,local,18,1,0.010142833618333173,0.2542684854207122,1.0
30,local,19,3,0.013430659335868803,0.1689767390117376,0.6666666666666666
30,local,20,1,-0.03327444419367464,-0.6646218643963788,0.0
30,local,21,3,0.008387748207143525,0.18458853400065017,0.6666666666666666
30,local,23,3,-0.015316675203622253,-0.28127859977444114,0.3333333333333333
30,local,24,3,0.0005082483403124477,0.15151138811158993,0.6666666666666666
30,local,25,2,0.009834493308284245,0.051807120395614636,0.5
30,local,26,2,-0.010856203448695922,-0.1776956695535019,0.0
30,local,27,1,-0.03365193168412404,-0.6562318209194417,0.0
30,local,28,3,-0.003375441476666602,0.01810823650003912,0.3333333333333333
30,local,29,1,-0.009552049581630778,0.17577601775613982,1.0
30,turkey,0,2,0.0013557576560896678,-0.011724564711491192,1.0
30,turkey,1,3,-0.0005106414554379157,0.1650376869298854,0.3333333333333333
30,turkey,2,4,-0.00034641332981948797,-0.035987586888464596,0.5
30,turkey,3,1,0.015001961299400369,0.13376445736464893,1.0
30,turkey,4,1,-0.01227458697500463,-0.10927541142402686,0.0
30,turkey,5,2,-0.005482258624232288,0.030571359718466473,0.5
30,turkey,6,1,-0.004256424877292825,0.2284759738940182,0.0
30,turkey,7,2,0.007546878344547453,0.1051516032866257,1.0
30,turkey,8,1,0.0036162150953933797,0.13208878616903258,1.0
30,turkey,9,3,0.008771454409495234,0.20075361039401646,0.6666666666666666
30,turkey,10,2,0.009743291259683776,0.2125731050048532,1.0
30,turkey,11,1,-0.034770951354917805,0.23750424234277806,1.0
30,turkey,12,3,-0.0020765095493501806,-0.0033615846356866985,0.3333333333333333
30,turkey,13,1,-0.009255342392110254,0.4076892142712184,1.0
30,turkey,14,3,-0.007544164331804385,-0.08010300603961662,0.3333333333333333
30,turkey,15,1,0.01814786191745773,0.30744280976323046,1.0
30,turkey,16,2,0.001396529239140281,0.15858467937732962,0.5
30,turkey,17,4,-0.006559549531650506,-0.14972542630836294,0.25
30,turkey,18,1,0.0017465796780732415,0.27930186047593764,1.0
30,turkey,19,3,0.006733801239467298,-0.022551846944139475,0.6666666666666666
30,turkey,20,1,-0.02058673121151474,-0.16044000885575183,0.0
30,turkey,21,3,-0.008985000275555766,-0.08957178263282672,0.0
30,turkey,23,3,-0.0065948061628416585,-0.1501484124167337,0.3333333333333333
30,turkey,24,3,-0.003277908634325352,-0.041771718142691316,0.3333333333333333
30,turkey,25,2,0.007529001503996709,-0.1640400718580275,0.5
30,turkey,26,2,-0.020911437221872553,-0.4412536025646946,0.0
30,turkey,27,1,-0.04120922632754232,-0.9013530653105152,0.0
30,turkey,28,3,-0.01147544026161039,-0.16148280237014778,0.3333333333333333
30,turkey,29,1,-0.0037358179782312198,-0.27280526925593923,0.0
30,combined,0,2,-0.0025740772795665723,-0.14520206004856384,0.5
30,combined,1,3,0.00604997332166729,0.31546987558182576,0.6666666666666666
30,combined,2,4,0.0018778314895821976,-0.010583363628734244,0.75
30,combined,3,1,-0.01096666268856937,-0.1895416928953842,0.0
30,combined,4,1,-0.01730353916607231,-0.07703106863650522,0.0
30,combined,5,2,0.0077968391893221065,0.15755389315984414,0.5
30,combined,6,1,-0.020603532143728225,-0.0747881962704251,0.0
30,combined,7,2,0.016071766912877462,0.16177359795968765,1.0
30,combined,8,1,0.01116545028408878,0.36715867382070244,1.0
30,combined,9,3,0.005284725102301144,0.10746363813084153,0.6666666666666666
30,combined,10,2,-0.0021965367486052184,0.08030732509228122,0.5
30,combined,11,1,-0.038525549060590414,0.21090077316935707,1.0
30,combined,12,3,0.008960073546042287,0.11278404300458533,0.3333333333333333
30,combined,13,1,-0.016342215741669087,0.11868265000240497,0.0
30,combined,14,3,0.0073350882923867156,0.14777614735886063,0.3333333333333333
30,combined,15,1,0.008915080556236476,0.2722541682188392,1.0
30,combined,16,2,-0.0031132713977456462,-0.01483374101061985,0.5
30,combined,17,4,-0.010715722132483972,-0.19117066838703756,0.5
30,combined,18,1,0.004993183011166413,0.2778117918215967,1.0
30,combined,19,3,0.0014149601118888175,-0.06982409744500245,0.6666666666666666
30,combined,20,1,-0.029006808382831047,-0.16558643571317333,0.0
30,combined,21,3,0.0048987573953881425,0.13312392753703411,0.6666666666666666
30,combined,23,3,-0.008527960202096903,-0.16793009083495558,0.3333333333333333
30,combined,24,3,-0.011055793448359628,-0.07733424472764494,0.0
30,combined,25,2,0.005758101759038001,-0.06045554847965107,0.5
30,combined,26,2,-0.011320109330446082,-0.2032653725548531,0.0
30,combined,27,1,-0.04295676477211644,-0.4862318754784366,0.0
30,combined,28,3,-0.0020019206991147773,-0.001102122498859881,0.6666666666666666
30,combined,29,1,-0.00198220144309264,-0.008814018345640218,1.0
30,nonlinear,0,2,-0.004351119815686054,-0.20480697222489397,0.5
30,nonlinear,1,3,0.008764965547056275,0.29076803235065185,0.6666666666666666
30,nonlinear,2,4,0.0011918595992467182,0.01014975566235271,0.75
30,nonlinear,3,1,-0.00579893361098795,-0.2875559179616483,0.0
30,nonlinear,4,1,-0.015816729507839848,-0.02441968205784195,0.0
30,nonlinear,5,2,0.008151395667945947,0.1739351905690183,0.5
30,nonlinear,6,1,-0.020593939015853678,-0.07386686538815845,0.0
30,nonlinear,7,2,0.018089975185069038,0.15059868420246275,1.0
30,nonlinear,8,1,0.012265706036650045,0.3684621787726273,1.0
30,nonlinear,9,3,0.006192516149357369,0.09422758710555168,0.6666666666666666
30,nonlinear,10,2,-0.0009464046796669491,0.05209971691950549,0.5
30,nonlinear,11,1,-0.033868287751934234,0.19644087571933638,1.0
30,nonlinear,12,3,0.006692815983065245,0.0766611038038566,0.3333333333333333
30,nonlinear,13,1,-0.024154653998992456,-0.04309631886945775,0.0
30,nonlinear,14,3,0.005823836112782671,0.1635108931964357,0.3333333333333333
30,nonlinear,15,1,0.008018751474338164,0.27040349932300217,1.0
30,nonlinear,16,2,-0.003534881386511441,-0.05360234014470089,0.5
30,nonlinear,17,4,-0.009890219299746275,-0.18433279728934082,0.5
30,nonlinear,18,1,0.001798556247763497,0.28197229075614944,1.0
30,nonlinear,19,3,-0.0007044149224749094,-0.12073716759789216,0.6666666666666666
30,nonlinear,20,1,-0.02426901885608205,-0.14903956967779197,0.0
30,nonlinear,21,3,0.002171400913257647,0.12446513455846842,0.6666666666666666
30,nonlinear,23,3,-0.0025174391099869464,-0.05581575746573719,0.3333333333333333
30,nonlinear,24,3,-0.009732825317090597,-0.0656760268738662,0.0
30,nonlinear,25,2,0.006574244923753969,-0.07921994377748587,0.5
30,nonlinear,26,2,-0.023413395904543666,-0.3079858234714298,0.5
30,nonlinear,27,1,-0.04511652908032592,-0.4575605488469511,0.0
30,nonlinear,28,3,-0.011205305669434062,-0.08132744587339547,0.6666666666666666
30,nonlinear,29,1,-0.002110471667613042,-0.005727917089146717,1.0
45,baseline,0,2,0.0,0.0,0.0
45,baseline,1,2,0.0,0.0,0.5
45,baseline,2,2,0.0,0.0,1.0
45,baseline,4,1,0.0,0.0,1.0
45,baseline,5,2,0.0,0.0,0.0
45,baseline,7,1,0.0,0.0,0.0
45,baseline,8,2,0.0,0.0,0.5
45,baseline,9,2,0.0,0.0,0.5
45,baseline,10,1,0.0,0.0,0.0
45,baseline,11,1,0.0,0.0,0.0
45,baseline,12,2,0.0,0.0,0.0
45,baseline,14,1,0.0,0.0,0.0
45,baseline,15,2,0.0,0.0,0.5
45,baseline,16,2,0.0,0.0,0.5
45,baseline,17,1,0.0,0.0,0.0
45,baseline,18,1,0.0,0.0,0.0
45,baseline,19,2,0.0,0.0,0.0
45,baseline,21,1,0.0,0.0,0.0
45,baseline,22,2,0.0,0.0,0.0
45,baseline,23,1,0.0,0.0,1.0
45,baseline,24,2,0.0,0.0,0.5
45,baseline,25,1,0.0,0.0,0.0
45,baseline,26,1,0.0,0.0,1.0
45,baseline,28,1,0.0,0.0,0.0
45,baseline,29,2,0.0,0.0,0.0
45,baseline,31,2,0.0,0.0,1.0
45,baseline,32,3,0.0,0.0,0.6666666666666666
45,baseline,33,1,0.0,0.0,1.0
45,baseline,35,1,0.0,0.0,0.0
45,baseline,36,2,0.0,0.0,0.0
45,baseline,38,2,0.0,0.0,0.5
45,baseline,39,2,0.0,0.0,0.5
45,baseline,40,1,0.0,0.0,1.0
45,baseline,42,2,0.0,0.0,0.5
45,baseline,43,2,0.0,0.0,0.0
45,baseline,44,1,0.0,0.0,1.0
45,internal,0,2,-0.023772121949053496,-0.27944581887617004,0.0
45,internal,1,2,-0.013237718471076437,-0.3514375291334985,0.5
45,internal,2,2,0.016680472492135084,0.03997609752793152,0.5
45,internal,4,1,0.04409907573716819,0.33209626500084904,1.0
45,internal,5,2,-0.013730536601963966,-0.16771127977239497,0.0
45,internal,7,1,-0.0250132201769371,-0.11118832409972235,0.0
45,internal,8,2,-0.043439094594489344,-0.9945028116708556,0.0
45,internal,9,2,0.002761503646709164,0.2337172917519772,1.0
45,internal,10,1,0.021093715243573466,0.3506680579875218,1.0
45,internal,11,1,-0.03639809784333678,-0.40886092648701333,0.0
45,internal,12,2,-0.01778744177722265,-0.3993401623628945,0.5
45,internal,14,1,-0.018268105717926128,0.10478111160665537,0.0
45,internal,15,2,-0.02273153913816979,-0.8190896393968958,0.0
45,internal,16,2,-0.0012703033750127574,0.1802167188192697,1.0
45,internal,17,1,0.013308485750130689,0.2671115701969183,1.0
45,internal,18,1,-0.025751906629719774,-0.24815994872547176,0.0
45,internal,19,2,-0.021853638458341713,-0.35756022271481513,0.0
45,internal,21,1,-0.0073686280867528015,0.29873090604064967,1.0
45,internal,22,2,-0.0003521561455577388,0.2507336741901599,0.5
45,internal,23,1,0.021933400966817354,0.2716411888326379,1.0
45,internal,24,2,0.006580534431657879,0.2721167696788979,1.0
45,internal,25,1,-0.010949682567161383,-0.08497261056156669,0.0
45,internal,26,1,-0.05770682361440764,0.2577640519733464,1.0
45,internal,28,1,-0.007435773447442978,0.3171447043956471,1.0
45,internal,29,2,-0.012339534726433857,0.01360560019037893,0.0
45,internal,31,2,0.016134163788468558,0.13140298645706044,1.0
45,internal,32,3,0.0056927862898310255,0.09991271550799669,0.6666666666666666
45,internal,33,1,0.0037383485868240293,0.28532471675690196,1.0
45,internal,35,1,-0.02555905080921969,-0.19874872424117984,0.0
45,internal,36,2,-0.01962747916631613,-0.24714500299798448,0.0
45,internal,38,2,-0.003196805925079725,0.14552009975706948,0.5
45,internal,39,2,0.0074987445947746825,0.0018379767327669216,0.5
45,internal,40,1,0.026453347914495245,0.2490001116958825,1.0
45,internal,42,2,0.0011181404074829399,0.09816958625375949,0.5
45,internal,43,2,-0.027385649600071463,-0.3617357488612505,0.0
45,internal,44,1,0.01964725320890647,0.27044386609558835,1.0
45,local,0,2,-0.02007922731526917,-0.3476693610306434,0.0
45,local,1,2,-0.0020684141943853873,-0.2277486196410911,0.5
45,local,2,2,0.017570719542052478,0.06592866624309085,1.0
45,local,4,1,0.04103433302873995,0.3681350983194265,1.0
45,local,5,2,-0.00652263292220967,-0.08821892813215837,0.5
45,local,7,1,-0.0259547575389766,-0.20991955196378698,0.0
45,local,8,2,-0.045482402824979604,-0.9830046761143789,0.0
45,local,9,2,0.0009942299637005284,0.19586706124278896,1.0
45,local,10,1,0.021326734785693136,0.43039498987812236,1.0
45,local,11,1,-0.031335275897798366,-0.6357419513291982,0.0
45,local,12,2,-0.00759545154340923,-0.19470422659829312,0.5
45,local,14,1,-0.01741176359540004,-0.014343319745024452,0.0
45,local,15,2,-0.037896182099429396,-0.8940409796068658,0.0
45,local,16,2,-0.004894672205236747,0.09894395417280127,0.5
45,local,17,1,0.0013932045963263029,0.30829555592462576,1.0
45,local,18,1,-0.019496212228571994,-0.33831612958161783,0.0
45,local,19,2,-0.016333373186243685,-0.3449360639843493,0.5
45,local,21,1,-0.006501614799070771,0.03923430421195939,0.0
45,local,22,2,-0.003160334432531553,0.11191179486713854,0.5
45,local,23,1,0.016603816489758796,0.192892074425771,1.0
45,local,24,2,0.00419069539596232,0.3149028808234036,1.0
45,local,25,1,-0.0005092608434281859,-0.0413295323289522,0.0
45,local,26,1,-0.08102217894361619,0.19593969164046066,1.0
45,local,28,1,-0.005053609538549081,0.12957333601762433,0.0
45,local,29,2,-0.0006086701301931952,-0.008379501794430366,0.0
45,local,31,2,0.01782110997459533,0.1978574600025939,1.0
45,local,32,3,0.004932256305340409,0.07521806937325387,0.6666666666666666
45,local,33,1,-0.002467440092039773,0.2874182712877892,1.0
45,local,35,1,-0.02527389457297534,-0.3148253417443958,0.0
45,local,36,2,-0.006893829203146559,-0.036633650560152886,0.0
45,local,38,2,-0.0015744990195144734,0.12080118820914854,0.5
45,local,39,2,0.011090679238753197,0.06728253750724317,1.0
45,local,40,1,0.028136981747020104,0.2614839331009775,1.0
45,local,42,2,-0.0012070472152768477,0.002560467161578428,0.5
45,local,43,2,-0.014388415212353275,-0.10473392568301454,0.0
45,local,44,1,0.011409339548172144,0.22032940416198837,1.0
45,turkey,0,2,-0.012552979249438857,-0.08397192095185035,0.5
45,turkey,1,2,-0.016248028334830134,-0.3558040599933821,0.5
45,turkey,2,2,0.007850495809882597,-0.16770755833006312,0.5
45,turkey,4,1,0.03779858654782027,0.1749937527059625,1.0
45,turkey,5,2,-0.014060676449904344,-0.023516701708906407,0.0
45,turkey,7,1,-0.0083247086676256,0.25277125703544356,0.0
45,turkey,8,2,-0.04002276695554187,-0.9452882335070845,0.0
45,turkey,9,2,0.017575553609375336,0.4073761511360212,1.0
45,turkey,10,1,0.023021404547619098,0.3689976764412436,1.0
45,turkey,11,1,-0.0291639805542903,0.08212766834858187,0.0
45,turkey,12,2,-0.02358834960723518,-0.45215764736941755,0.0
45,turkey,14,1,-0.004240909617160303,0.3703741740569544,1.0
45,turkey,15,2,-0.01743280494966727,-0.6937178735748097,0.0
45,turkey,16,2,0.01673592925675923,0.4356958523893588,1.0
45,turkey,17,1,0.0013295290193272302,0.10507118264259063,1.0
45,turkey,18,1,-0.021694874835040272,0.11285896999077805,1.0
45,turkey,19,2,-0.018912859940680253,-0.1134090182508497,0.0
45,turkey,21,1,0.006238174878217748,0.537305433797234,1.0
45,turkey,22,2,0.008230076867615913,0.49856626675786186,1.0
45,turkey,23,1,0.02762620236795628,0.37372730209552296,1.0
45,turkey,24,2,-0.0011371962585298642,0.1624331550410658,0.5
45,turkey,25,1,-0.013603876337372457,0.016658306778174925,0.0
45,turkey,26,1,-0.04176297165627281,0.24506527119708757,1.0
45,turkey,28,1,0.01783357352784813,0.631391271559947,1.0
45,turkey,29,2,-0.00010207924137792257,0.24244059676357144,0.5
45,turkey,31,2,0.00128509287122415,-0.09335346636371972,0.5
45,turkey,32,3,0.008981797816764447,0.27732606869934623,1.0
45,turkey,33,1,-0.0028632432856182596,0.29376327900186766,1.0
45,turkey,35,1,-0.015531431343713528,-0.00784185266333759,0.0
45,turkey,36,2,-0.016143007586043437,-0.1947706842440502,0.5
45,turkey,38,2,0.0030994658224483065,0.3156637228393785,1.0
45,turkey,39,2,0.015489235986160522,0.14065435110357177,1.0
45,turkey,40,1,0.031175522484944276,0.2982558804736806,1.0
45,turkey,42,2,-0.0038541905561229883,0.021715840401126174,0.5
45,turkey,43,2,-0.010545725988756208,0.09691660599753693,0.5
45,turkey,44,1,-0.007195068622811419,-0.21371062708778077,0.0
45,combined,0,2,-0.007877412009286669,-0.1026735024077099,0.5
45,combined,1,2,-0.01122066134703889,-0.27282686809097983,0.5
45,combined,2,2,0.009904305530535257,-0.12103994567348952,0.5
45,combined,4,1,0.050962945321245304,0.3709253762041755,1.0
45,combined,5,2,-0.005954265154795503,0.09343711383472386,0.0
45,combined,7,1,-0.007523553438739873,0.02462555146782419,0.0
45,combined,8,2,-0.04745875870088119,-0.9380984449463368,0.0
45,combined,9,2,0.013983980301854715,0.3820331330796561,1.0
45,combined,10,1,0.019703286878139048,0.4260790635305344,1.0
45,combined,11,1,-0.03104179129000894,-0.870523024569273,0.0
45,combined,12,2,-0.013961280572760228,-0.3137752098151616,0.5
45,combined,14,1,0.00015051243881266524,0.42277107342172915,1.0
45,combined,15,2,-0.03482871052676377,-0.7350511151372996,0.0
45,combined,16,2,0.010704313174529051,0.3805734201779462,1.0
45,combined,17,1,-0.012078005479663437,0.1475687266108302,1.0
45,combined,18,1,-0.022257071307322344,-0.6003815814923001,0.0
45,combined,19,2,-0.01582092118900181,-0.09559428049457452,0.0
45,combined,21,1,0.007615817733701846,0.170990525000559,0.0
45,combined,22,2,-0.001835678578540112,0.4449102908950247,1.0
45,combined,23,1,0.02272636176686056,0.24341782274872958,1.0
45,combined,24,2,-0.0063808374435385395,0.20806213859965522,0.5
45,combined,25,1,-0.017272799143795224,-0.6410137916139655,0.0
45,combined,26,1,-0.0624279406492863,0.2595639813961175,1.0
45,combined,28,1,0.01850032213133876,0.4419782737305859,1.0
45,combined,29,2,0.013315763624156606,0.3294857645688654,0.5
45,combined,31,2,0.008117228053909416,-0.010997576308337864,0.5
45,combined,32,3,0.012920565670296941,0.1884821732474623,0.6666666666666666
45,combined,33,1,-0.006420094861358132,0.29395944750071057,1.0
45,combined,35,1,-0.010330022237775363,-0.65572411369668,0.0
45,combined,36,2,-0.007830224039912376,-0.07726511387186186,0.5
45,combined,38,2,0.004327461697214485,0.3680663859616907,1.0
45,combined,39,2,0.01487887796419688,-0.014271456151189688,0.5
45,combined,40,1,0.031185178119555127,0.2998651895133282,1.0
45,combined,42,2,-0.002094998374368405,-0.20940790641172313,0.5
45,combined,43,2,-0.003094663175595952,0.16685657824240663,0.5
45,combined,44,1,-0.016123721518033263,-0.31709050105536685,0.0
45,nonlinear,0,2,-0.00849608866436568,-0.15538469042782022,0.5
45,nonlinear,1,2,-0.011882348093229217,-0.2817182164313224,0.5
45,nonlinear,2,2,0.010023492329552429,-0.11775318625870457,0.5
45,nonlinear,4,1,0.020691938404225174,0.23595425771417367,1.0
45,nonlinear,5,2,-0.0011215802846924888,0.08914940720476672,0.0
45,nonlinear,7,1,-0.010104362178968741,0.20641670370866005,0.0
45,nonlinear,8,2,-0.04190390534282672,-0.9976079155090702,0.0
45,nonlinear,9,2,0.012543531433721701,0.35792919356872027,1.0
45,nonlinear,10,1,0.018953931558765832,0.4108822217543573,1.0
45,nonlinear,11,1,-0.011125843237646727,0.11026444381175815,0.0
45,nonlinear,12,2,-0.00850928773908733,-0.30270089220573615,0.5
45,nonlinear,14,1,-0.006852502329302172,0.34111878281272023,1.0
45,nonlinear,15,2,-0.03523378433800374,-0.7423897561325816,0.0
45,nonlinear,16,2,0.006638905579370809,0.2155908763848967,1.0
45,nonlinear,17,1,-0.010724107448561171,0.1401408244486797,1.0
45,nonlinear,18,1,-0.006004776788875296,0.24189658633337174,1.0
45,nonlinear,19,2,-0.012064630499467963,-0.08838681956644501,0.0
45,nonlinear,21,1,-0.0020873579091808397,0.30626228710495074,1.0
45,nonlinear,22,2,-0.0005861143383360315,0.4232472784150033,1.0
45,nonlinear,23,1,0.020292219650976148,0.2912402631722467,1.0
45,nonlinear,24,2,-0.00565050552973069,0.15027303056586622,0.5
45,nonlinear,25,1,0.004117552617922571,0.13758393211977088,1.0
45,nonlinear,26,1,-0.05810666602502691,0.2590024651300004,1.0
45,nonlinear,28,1,0.009739908890592619,0.4901545955397164,1.0
45,nonlinear,29,2,0.013559398221032158,0.30798222589282664,0.5
45,nonlinear,31,2,0.007392028270716555,0.0008457375527214372,0.5
45,nonlinear,32,3,0.011733998658479277,0.22972722795095588,1.0
45,nonlinear,33,1,-0.01423519605213443,0.2945338084992734,1.0
45,nonlinear,35,1,-0.01166376354931667,0.03779577334432793,0.0
45,nonlinear,36,2,-0.006852685338956319,-0.15504884305661815,0.0
45,nonlinear,38,2,0.004256139998298547,0.3234493561327466,1.0
45,nonlinear,39,2,0.01492268066492555,0.040300527312494894,0.5
45,nonlinear,40,1,0.0319608617448889,0.30378034757785344,1.0
45,nonlinear,42,2,-0.007160909124356338,0.021449775728543896,0.5
45,nonlinear,43,2,-0.008179377617111502,0.10660760444983253,0.5
45,nonlinear,44,1,-0.030653000602926903,-0.42936461626669464,0.0
60,baseline,1,3,0.0,0.0,0.3333333333333333
60,baseline,4,1,0.0,0.0,1.0
60,baseline,5,1,0.0,0.0,0.0
60,baseline,6,1,0.0,0.0,0.0
60,baseline,8,1,0.0,0.0,0.0
60,baseline,9,1,0.0,0.0,0.0
60,baseline,10,1,0.0,0.0,0.0
60,baseline,11,1,0.0,0.0,1.0
60,baseline,12,1,0.0,0.0,0.0
60,baseline,13,1,0.0,0.0,0.0
60,baseline,15,1,0.0,0.0,0.0
60,baseline,16,1,0.0,0.0,0.0
60,baseline,17,1,0.0,0.0,0.0
60,baseline,18,1,0.0,0.0,1.0
60,baseline,19,1,0.0,0.0,1.0
60,baseline,20,1,0.0,0.0,0.0
60,baseline,22,1,0.0,0.0,0.0
60,baseline,23,1,0.0,0.0,0.0
60,baseline,24,1,0.0,0.0,0.0
60,baseline,25,1,0.0,0.0,1.0
60,baseline,26,1,0.0,0.0,0.0
60,baseline,27,1,0.0,0.0,0.0
60,baseline,29,1,0.0,0.0,0.0
60,baseline,30,1,0.0,0.0,0.0
60,baseline,31,1,0.0,0.0,0.0
60,baseline,32,1,0.0,0.0,1.0
60,baseline,33,1,0.0,0.0,0.0
60,baseline,34,1,0.0,0.0,0.0
60,baseline,36,1,0.0,0.0,1.0
60,baseline,37,1,0.0,0.0,0.0
60,baseline,38,1,0.0,0.0,0.0
60,baseline,39,1,0.0,0.0,1.0
60,baseline,40,1,0.0,0.0,0.0
60,baseline,41,1,0.0,0.0,1.0
60,baseline,43,1,0.0,0.0,1.0
60,baseline,44,1,0.0,0.0,0.0
60,baseline,45,1,0.0,0.0,0.0
60,baseline,46,1,0.0,0.0,0.0
60,baseline,47,2,0.0,0.0,0.5
60,baseline,48,1,0.0,0.0,0.0
60,baseline,50,1,0.0,0.0,1.0
60,baseline,51,1,0.0,0.0,0.0
60,baseline,52,1,0.0,0.0,1.0
60,baseline,54,3,0.0,0.0,0.3333333333333333
60,baseline,57,1,0.0,0.0,1.0
60,baseline,58,1,0.0,0.0,0.0
60,baseline,59,1,0.0,0.0,0.0
60,internal,1,3,-0.009747745983479869,0.04128534809431361,0.3333333333333333
60,internal,4,1,0.036380471857741375,0.09790557433674485,1.0
60,internal,5,1,-0.07007516577547135,-1.0155799227616265,0.0
60,internal,6,1,-0.029551319850333366,-0.3736284957958901,0.0
60,internal,8,1,-0.017154980583664707,0.21526989583230027,1.0
60,internal,9,1,-0.02151609415969654,0.05292813264952345,0.0
60,internal,10,1,0.022894162595912496,0.25761842813425384,1.0
60,internal,11,1,0.018382082849278128,0.01073344375955454,1.0
60,internal,12,1,-0.07380981822348422,-1.0470035343545345,0.0
60,internal,13,1,-0.018284283425667056,-0.23590555472829222,0.0
60,internal,15,1,-0.02710240405543931,0.20880396274991364,0.0
60,internal,16,1,-0.035620355297291795,-1.1188051252890951,0.0
60,internal,17,1,0.011800773806627182,0.18734749580088417,1.0
60,internal,18,1,-0.0027412144294067797,-0.30279423384139437,0.0
60,internal,19,1,-0.06112361650061621,0.27792162097000717,1.0
60,internal,20,1,-0.024718363092262927,-0.2685106886963553,0.0
60,internal,22,1,-0.033493980110333804,-0.05928574281133958,0.0
60,internal,23,1,-0.035674838985977605,-0.9525300597155553,0.0
60,internal,24,1,0.022135236555741088,0.2593997889335657,1.0
60,internal,25,1,0.057184867366561795,0.453917608380633,1.0
60,internal,26,1,-0.06415173310904096,-1.0709251905952608,0.0
60,internal,27,1,-0.03500123365594052,-0.3853292701657771,0.0
60,internal,29,1,-0.04213915094634526,-0.1787577170070589,0.0
60,internal,30,1,-0.03404561194393414,-0.7262067617947825,0.0
60,internal,31,1,0.027253295456427115,0.2713428562955768,1.0
60,internal,32,1,0.01848311858027228,0.06908581378879552,1.0
60,internal,33,1,-0.04838613013811295,-1.0904413356874814,0.0
60,internal,34,1,0.006320539396227374,0.12200255461920972,0.0
60,internal,36,1,-0.00029556723539905794,0.036498709573163146,1.0
60,internal,37,1,-0.05227331977726673,-1.023090154652519,0.0
60,internal,38,1,-0.011853428781989292,0.29650100675443103,1.0
60,internal,39,1,0.014311899648603243,-0.04838521349960445,0.0
60,internal,40,1,-0.021923089894812106,-0.5808310137018082,0.0
60,internal,41,1,-0.01041373851292358,-0.12446942612332967,1.0
60,internal,43,1,0.02475562086264109,0.24097297848536767,1.0
60,internal,44,1,-0.029891805238713057,0.11392902745781075,0.0
60,internal,45,1,-0.024014274579749313,-0.5617912194026171,0.0
60,internal,46,1,-0.02885255331769747,0.521219805233703,1.0
60,internal,47,2,-0.0052680625840242495,-0.30866496919090847,0.5
60,internal,48,1,-0.01712358500716013,-0.2316997581631749,0.0
60,internal,50,1,0.057585717822536346,0.2528306993853422,1.0
60,internal,51,1,-0.01913713721486565,0.232318843903081,0.0
60,internal,52,1,0.001680551065165528,0.18532905616049633,1.0
60,internal,54,3,0.0024167087890610978,0.062088576299219544,0.3333333333333333
60,internal,57,1,0.04118795882407105,0.07630445185022283,1.0
60,internal,58,1,-0.004672495798181922,0.3196439983968556,1.0
60,internal,59,1,-0.04499040033853613,-0.6687997641916554,0.0
60,local,1,3,0.003454687939201284,0.0686376975820559,0.6666666666666666
60,local,4,1,0.03876291456334413,0.1413264690421686,1.0
60,local,5,1,-0.05189240695284783,-0.9233082622579853,0.0
60,local,6,1,-0.02563126607422042,-0.6501946116524158,0.0
60,local,8,1,0.009040481871887635,0.5675189715724905,1.0
60,local,9,1,-0.016458322314401745,0.23478005631590015,1.0
60,local,10,1,0.02111417182142572,0.33247895602670124,1.0
60,local,11,1,0.00973035986297692,-0.07271774094733152,1.0
60,local,12,1,-0.06051811745059538,-1.0051820314659676,0.0
60,local,13,1,-0.01840231950960601,-0.44122829460382906,0.0
60,local,15,1,-0.007638660989201407,0.5809137179888529,1.0
60,local,16,1,-0.027224318296328487,-0.4471698174793679,0.0
60,local,17,1,0.005524709944817796,0.27129290446658166,1.0
60,local,18,1,-0.020119966297213215,-0.5236676238396563,0.0
60,local,19,1,-0.039329209986131694,0.2769173562022033,1.0
60,local,20,1,-0.002878616722119226,0.040591248595961305,0.0
60,local,22,1,-0.02463891010532339,0.2690935882774206,0.0
60,local,23,1,-0.03850144255456783,-0.7425631887160251,0.0
60,local,24,1,0.017863294319097698,0.3827802879447149,1.0
60,local,25,1,0.03766240991373804,0.4026110181259397,1.0
60,local,26,1,-0.0718894765842841,-1.0568675361203215,0.0
60,local,27,1,-0.020341908868028724,-0.2367649073417557,0.0
60,local,29,1,-0.03575426520219547,0.12373032162611297,0.0
60,local,30,1,-0.03677480402966404,-0.5057700817740898,0.0
60,local,31,1,0.026457097208232385,0.3434590598542573,1.0
60,local,32,1,0.02027231923710965,-0.24490066751417722,0.0
60,local,33,1,-0.0601302905098855,-1.0753783475786556,0.0
60,local,34,1,0.011375488617741781,0.11952511748445604,0.0
60,local,36,1,-0.005321720291527832,0.08794145805100534,1.0
60,local,37,1,-0.05548912046622879,-1.0539109639041733,0.0
60,local,38,1,-0.008196072032488039,0.3967805165507417,1.0
60,local,39,1,0.021707646992555004,-0.30009791003116393,0.0
60,local,40,1,-0.03730477007294477,-0.7022091481633097,0.0
60,local,41,1,-0.009938330893311129,-0.15248808451021212,0.0
60,local,43,1,0.004251638455188375,0.24190353065221049,1.0
60,local,44,1,-0.04074554020089033,-0.46146709958834575,0.0
60,local,45,1,-0.016188281890355538,-0.6840265216690988,0.0
60,local,46,1,-0.02888737305063361,0.520536711861955,1.0
60,local,47,2,-0.0081879621142762,-0.2411258030073815,0.5
60,local,48,1,-0.005148271008202608,-0.05405155259753247,0.0
60,local,50,1,0.08926345882792612,0.2725458823949988,1.0
60,local,51,1,-0.03714970590003859,-0.4998839020820307,0.0
60,local,52,1,0.008834356009864167,0.03438044083022612,1.0
60,local,54,3,0.007894684522870031,0.1445873031344374,0.3333333333333333
60,local,57,1,0.045079580952169886,0.09334346665158294,1.0
60,local,58,1,-0.023886521398230567,-0.3256115979807763,0.0
60,local,59,1,-0.04434375500481594,-1.0772091090420728,0.0
60,turkey,1,3,-0.004684924139532851,-0.19394246372796076,0.6666666666666666
60,turkey,4,1,0.005213349506177245,-0.9482630542830833,0.0
60,turkey,5,1,-0.04985600816586212,-0.31466191406534105,0.0
60,turkey,6,1,-0.001181663887806203,0.1510844181057578,1.0
60,turkey,8,1,0.009459459755869266,0.6586015639928825,1.0
60,turkey,9,1,0.004311009100241361,0.5466206594978471,1.0
60,turkey,10,1,0.03447751124980164,0.3183447963421725,1.0
60,turkey,11,1,0.06537848216621642,0.3914397047751433,1.0
60,turkey,12,1,-0.053425819822268975,-0.48066532666838524,0.0
60,turkey,13,1,-0.011768959536641102,-0.07881754425969989,0.0
60,turkey,15,1,0.0054172902529051326,0.7066117596199607,1.0
60,turkey,16,1,-0.013623173828388985,-0.1721868922403631,0.0
60,turkey,17,1,0.0019914226688861336,0.02880815235737666,0.0
60,turkey,18,1,0.04423496050980381,0.42586726786487883,1.0
60,turkey,19,1,-0.02469734490359779,0.24716457004131898,1.0
60,turkey,20,1,-0.04139522372314246,-0.7292282076338398,0.0
60,turkey,22,1,-0.02567123391858074,0.27296992085293303,1.0
60,turkey,23,1,-0.009322080771065416,0.06413500067217748,0.0
60,turkey,24,1,-0.007618930734305314,-0.23984031193087263,0.0
60,turkey,25,1,0.06044808348987695,0.4535417584799862,1.0
60,turkey,26,1,-0.033511496379396405,-0.12457810016351012,0.0
60,turkey,27,1,-0.02936907530815734,-0.3416648457629743,0.0
60,turkey,29,1,-0.029355970310227027,0.41041920845054053,1.0
60,turkey,30,1,-0.0018006592222033144,0.3095710615541881,1.0
60,turkey,31,1,0.014757543550119892,0.11234136137185335,1.0
60,turkey,32,1,0.04025958018631206,0.43227497799094927,1.0
60,turkey,33,1,-0.03144078330185825,-0.10504462142834947,0.0
60,turkey,34,1,0.0004890190286668712,0.03750918076659204,0.0
60,turkey,36,1,0.012777813716746314,-0.4399280664483466,0.0
60,turkey,37,1,-0.037643751285242714,-0.17883832677372768,0.0
60,turkey,38,1,-0.0015296477575314302,0.16775457601190508,1.0
60,turkey,39,1,0.02230527509333379,0.12689810898793186,1.0
60,turkey,40,1,-0.02264976625020107,-0.14561401337734536,0.0
60,turkey,41,1,-0.0022558415593192313,-0.00881772395116659,1.0
60,turkey,43,1,0.036468499856236514,0.22828073650432024,1.0
60,turkey,44,1,-0.007072920423525232,0.48325672224710836,1.0
60,turkey,45,1,-0.02653878902300199,-0.5995866031630399,0.0
60,turkey,46,1,-0.022443024535332562,0.5207534021338235,1.0
60,turkey,47,2,0.003350697469842498,-0.24540415696187934,0.0
60,turkey,48,1,-0.02208223281877557,-0.32353440772928943,0.0
60,turkey,50,1,0.07298921501160816,0.27172672279265436,1.0
60,turkey,51,1,-0.008089782691091202,0.3588789440342589,1.0
60,turkey,52,1,-0.008463198556443867,0.27218741692672127,1.0
60,turkey,54,3,-0.0030317420177109825,-0.19701342292653679,0.6666666666666666
60,turkey,57,1,0.04771482349798614,0.2169736488682397,1.0
60,turkey,58,1,0.020320940309975194,0.5325592009974367,1.0
60,turkey,59,1,-0.017469561140993878,-0.1341715204279913,0.0
60,combined,1,3,0.010661777351494518,-0.20569705367671054,0.3333333333333333
60,combined,4,1,0.021176795695558095,-0.5429940102036906,0.0
60,combined,5,1,-0.03519809583981891,-0.45271221512374815,0.0
60,combined,6,1,0.0047141547153090185,-0.013051642527639129,0.0
60,combined,8,1,0.032420601407093054,0.6612156717726992,1.0
60,combined,9,1,-0.011247127954642104,0.5259877829101883,1.0
60,combined,10,1,0.02281437853591324,0.34043082353183973,1.0
60,combined,11,1,0.04171314936809918,0.39011225370581576,1.0
60,combined,12,1,-0.043852274929628496,-0.9156394190614033,0.0
60,combined,13,1,-0.010799007749509648,-0.25603130469098134,0.0
60,combined,15,1,0.013690160043175144,0.708380381873512,1.0
60,combined,16,1,-0.005828280598355509,-0.10747169488873975,0.0
60,combined,17,1,-0.006729042834201504,0.10045489499913018,1.0
60,combined,18,1,0.011221340982160655,0.3339652862055721,1.0
60,combined,19,1,-0.045957780065980156,0.2755234384777254,1.0
60,combined,20,1,-0.02584692826316025,-0.49510843099092694,0.0
60,combined,22,1,-0.021129051855265493,0.40570323967072663,1.0
60,combined,23,1,-0.01124017222374761,-0.08161653569239902,0.0
60,combined,24,1,-0.01789717180831594,-0.11167358435945085,0.0
60,combined,25,1,0.04178186042559376,0.4390844654319289,1.0
60,combined,26,1,-0.07445836063256794,-0.9805131281681737,0.0
60,combined,27,1,-0.019132079789655018,-0.292210440503633,0.0
60,combined,29,1,-0.026695573906604778,0.47558164542250914,1.0
60,combined,30,1,-0.00397665794060198,0.27623414296153354,1.0
60,combined,31,1,0.009290419864964705,0.1461661129323788,1.0
60,combined,32,1,0.033307816364869486,0.21329726574818925,1.0
60,combined,33,1,-0.0647370648556518,-0.766641235028835,0.0
60,combined,34,1,0.003855212534927429,0.0010150304502669627,0.0
60,combined,36,1,0.007210856735386004,-0.31684782119743937,0.0
60,combined,37,1,-0.0426021346829489,-0.3548243387630985,0.0
60,combined,38,1,0.0023055519617390195,0.2358738548474611,1.0
60,combined,39,1,0.026438549023557457,-0.16497380959096086,0.0
60,combined,40,1,-0.05088714324688228,-0.5417300924843309,0.0
60,combined,41,1,-0.0014293659713990776,-0.026166729597375427,1.0
60,combined,43,1,0.018729729530106154,0.2408164648638591,1.0
60,combined,44,1,-0.015473185506522283,0.16609087498752062,0.0
60,combined,45,1,-0.017023386934747357,-0.6967608481689194,0.0
60,combined,46,1,-0.02666526102355639,0.5206363411911187,1.0
60,combined,47,2,-0.007745537860701597,-0.36501169058223115,0.0
60,combined,48,1,-0.012725878655368165,-0.1898233640980198,0.0
60,combined,50,1,0.08964735438666156,0.272549882640375,1.0
60,combined,51,1,-0.01946421878709295,-0.054712837994773666,0.0
60,combined,52,1,0.0034276515540671328,0.18908034583415606,1.0
60,combined,54,3,0.009003166797993373,-0.12339796455789676,0.6666666666666666
60,combined,57,1,0.047540487300977166,0.1591381618789583,1.0
60,combined,58,1,0.0017483796367385035,0.21794060736822085,0.0
60,combined,59,1,-0.012109616611402571,-0.356016481109908,0.0
60,nonlinear,1,3,0.008801653597819849,-0.21600844462454527,0.3333333333333333
60,nonlinear,4,1,0.020786867786197025,-0.535173310368612,0.0
60,nonlinear,5,1,-0.0356162072765054,-0.44205637226645744,0.0
60,nonlinear,6,1,0.0012027565437634363,-0.07401445327072442,0.0
60,nonlinear,8,1,0.03001083611203319,0.6615669666901745,1.0
60,nonlinear,9,1,-0.0058737736221593645,0.5595147910499906,1.0
60,nonlinear,10,1,0.021173483930706657,0.32025317438552453,1.0
60,nonlinear,11,1,0.03900305275390464,0.3899858399966287,1.0
60,nonlinear,12,1,-0.04648242236046733,-0.9773019820620817,0.0
60,nonlinear,13,1,-0.011518956341736178,-0.30725465793934403,0.0
60,nonlinear,15,1,0.013123993690306975,0.7097799935485164,1.0
60,nonlinear,16,1,0.0028827404771995316,0.014061431097867505,0.0
60,nonlinear,17,1,-0.006079740156629446,0.10870464448324213,1.0
60,nonlinear,18,1,0.0043189871289549125,0.3744949440325202,1.0
60,nonlinear,19,1,-0.04674840634090499,0.27558564643095373,1.0
60,nonlinear,20,1,-0.02525007923368619,-0.5145722134800595,0.0
60,nonlinear,22,1,-0.02330575012488882,0.35002629106854394,1.0
60,nonlinear,23,1,-0.0030893170800071895,-0.01821456706382618,0.0
60,nonlinear,24,1,-0.019020462809550644,-0.12378201615589879,0.0
60,nonlinear,25,1,0.040723169894675004,0.45076796287425863,1.0
60,nonlinear,26,1,-0.10357020136369108,-1.022233688600187,0.0
60,nonlinear,27,1,-0.021097462048812132,-0.2598457204183797,0.0
60,nonlinear,29,1,-0.02815832794406225,0.44281589957378353,1.0
60,nonlinear,30,1,0.004458576885449705,0.29756998377059496,1.0
60,nonlinear,31,1,0.006176147000323859,0.10715357545107207,1.0
60,nonlinear,32,1,0.022527401299767998,0.07817680132499771,1.0
60,nonlinear,33,1,-0.09523997965788869,-1.0459719329941064,0.0
60,nonlinear,34,1,0.0035890187096464833,-0.014797913958576991,0.0
60,nonlinear,36,1,0.008819636347972941,-0.3261003487266453,0.0
60,nonlinear,37,1,-0.041361491803418714,-0.39247247844274136,0.0
60,nonlinear,38,1,0.00025528400150254434,0.20408207935524392,1.0
60,nonlinear,39,1,0.028301845593353456,0.009019645855399994,1.0
60,nonlinear,40,1,-0.05879515143659477,-0.6090977268704465,0.0
60,nonlinear,41,1,-0.0026365131816636547,-0.04965441640451518,1.0
60,nonlinear,43,1,0.019846068372504397,0.2411539738536052,1.0
60,nonlinear,44,1,-0.03008054473430677,-0.13921037165956507,0.0
60,nonlinear,45,1,-0.017475125397987068,-0.7140156994959954,0.0
60,nonlinear,46,1,-0.024415795826644285,0.5205776969024356,1.0
60,nonlinear,47,2,-0.0014342657668379097,-0.32704594216164007,0.0
60,nonlinear,48,1,-0.013214136353153005,-0.20190753453010113,0.0
60,nonlinear,50,1,0.08848234864996202,0.27272350854534755,1.0
60,nonlinear,51,1,-0.028273487261399916,-0.32498856914568197,0.0
60,nonlinear,52,1,0.0031809657404194384,0.19285342458966023,1.0
60,nonlinear,54,3,0.009962972614011592,-0.11298707589231216,0.6666666666666666
60,nonlinear,57,1,0.0462934752263864,0.22562792788429392,1.0
60,nonlinear,58,1,-0.005962933643451587,0.0107107198940396,0.0
60,nonlinear,59,1,-0.012772499772153376,-0.3251879999624796,0.0
90,baseline,0,1,0.0,0.0,0.0
90,baseline,1,1,0.0,0.0,0.0
90,baseline,2,1,0.0,0.0,1.0
90,baseline,7,1,0.0,0.0,0.0
90,baseline,9,1,0.0,0.0,1.0
90,baseline,10,1,0.0,0.0,0.0
90,baseline,14,1,0.0,0.0,0.0
90,baseline,16,1,0.0,0.0,1.0
90,baseline,17,1,0.0,0.0,0.0
90,baseline,21,1,0.0,0.0,0.0
90,baseline,23,1,0.0,0.0,1.0
90,baseline,28,2,0.0,0.0,0.0
90,baseline,32,1,0.0,0.0,1.0
90,baseline,35,2,0.0,0.0,0.0
90,baseline,39,1,0.0,0.0,1.0
90,baseline,40,1,0.0,0.0,1.0
90,baseline,42,2,0.0,0.0,0.5
90,baseline,47,2,0.0,0.0,0.5
90,baseline,49,1,0.0,0.0,0.0
90,baseline,53,1,0.0,0.0,1.0
90,baseline,54,1,0.0,0.0,0.0
90,baseline,56,2,0.0,0.0,0.5
90,baseline,60,1,0.0,0.0,1.0
90,baseline,61,1,0.0,0.0,0.0
90,baseline,63,1,0.0,0.0,0.0
90,baseline,64,1,0.0,0.0,1.0
90,baseline,67,1,0.0,0.0,1.0
90,baseline,69,1,0.0,0.0,0.0
90,baseline,70,1,0.0,0.0,0.0
90,baseline,71,1,0.0,0.0,1.0
90,baseline,74,1,0.0,0.0,1.0
90,baseline,76,1,0.0,0.0,0.0
90,baseline,77,1,0.0,0.0,0.0
90,baseline,78,1,0.0,0.0,1.0
90,baseline,81,1,0.0,0.0,1.0
90,baseline,83,1,0.0,0.0,0.0
90,baseline,84,1,0.0,0.0,0.0
90,baseline,85,1,0.0,0.0,1.0
90,baseline,88,1,0.0,0.0,1.0
90,baseline,89,1,0.0,0.0,1.0
90,internal,0,1,-0.02917826842255109,0.09328816625651681,0.0
90,internal,1,1,0.021213595932433146,0.4830665851875703,1.0
90,internal,2,1,0.013662187929850633,0.007119689998160067,1.0
90,internal,7,1,-0.0941500874407066,-0.8248711024754556,0.0
90,internal,9,1,0.0057864371383916785,-0.17802673084330523,1.0
90,internal,10,1,0.014856255318021976,0.4645812564396661,1.0
90,internal,14,1,-0.024647409183330554,-0.13940646160528258,0.0
90,internal,16,1,-0.01117073826756762,-0.372710439591831,0.0
90,internal,17,1,-0.0039667676649967,0.3029648107636389,0.0
90,internal,21,1,-0.03463125254281066,-0.29860476347828513,0.0
90,internal,23,1,0.037526332106972884,0.09097214346940097,1.0
90,internal,28,2,0.004763821720324038,0.36312643800658373,0.5
90,internal,32,1,-0.017128967382936428,-0.49316597371603677,0.0
90,internal,35,2,-0.059965288746696876,-0.4270339872514577,0.0
90,internal,39,1,-0.013631926081998511,-0.4912174081995457,0.0
90,internal,40,1,-0.05205572165919338,-0.3366547848980023,0.0
90,internal,42,2,-0.05432649426096396,-0.650455507902549,0.0
90,internal,47,2,-0.014524502966318069,0.012544776789267909,0.5
90,internal,49,1,-0.09611669573154574,-0.7560108388632305,0.0
90,internal,53,1,-0.05962425840481972,-1.0547863185618878,0.0
90,internal,54,1,-0.005852140703498078,0.16313201461335103,0.0
90,internal,56,2,-0.0006582025036732247,0.057638537849587834,0.5
90,internal,60,1,-0.09098807100750052,-1.3265852187661706,0.0
90,internal,61,1,-0.016877417649313692,-0.018039651386667854,0.0
90,internal,63,1,-0.04742009969384131,-0.28928176796634153,0.0
90,internal,64,1,0.03779304564355379,0.19898142904765098,1.0
90,internal,67,1,-0.05809042165231162,-0.6895609091085115,0.0
90,internal,69,1,-0.023310628117129334,-0.12651194625966367,0.0
90,internal,70,1,-0.07069519644425316,-0.7552720077701303,0.0
90,internal,71,1,0.06220403543662731,0.06462965160926426,1.0
90,internal,74,1,-0.0457128865608923,-0.475610498592259,0.0
90,internal,76,1,-0.07380847081392777,-0.8204895919166655,0.0
90,internal,77,1,-0.03673932884747459,-0.14647713895503967,0.0
90,internal,78,1,0.04241915573172528,0.04754283801099529,1.0
90,internal,81,1,-0.05031746627584091,-0.5161444601999414,0.0
90,internal,83,1,-0.06285444682699051,-0.6637703326821791,0.0
90,internal,84,1,-0.02595571548719025,0.0017846833167949328,0.0
90,internal,85,1,0.007997606014084377,-0.12132671494355679,1.0
90,internal,88,1,-0.06158823653467413,-0.6914751140329087,0.0
90,internal,89,1,-0.039944778797430164,-0.33301354119628424,0.0
90,local,0,1,-0.03733056659369804,-0.10478067614446984,0.0
90,local,1,1,0.014747924521373953,0.2895567124089985,0.0
90,local,2,1,0.024321090984171845,0.07570879482788773,1.0
90,local,7,1,-0.08349170061571187,-0.8154748000109606,0.0
90,local,9,1,0.03382796477395668,0.09932459182514479,1.0
90,local,10,1,0.0034586701935282807,0.22399064660238377,0.0
90,local,14,1,-0.053709852263124,-0.5857311082066747,0.0
90,local,16,1,0.015190069983764931,-0.056358779307843915,1.0
90,local,17,1,-0.028900501363380092,0.0910388919495414,0.0
90,local,21,1,-0.038453589376851005,-0.4335570572733538,0.0
90,local,23,1,0.0477564000674736,0.1291712286584146,1.0
90,local,28,2,-0.0012556571591026341,0.3599922794450652,0.0
90,local,32,1,-0.017075159815783475,-0.5980132634516074,0.0
90,local,35,2,-0.02430584749600162,-0.0742030386716408,0.0
90,local,39,1,0.003360136082737393,-0.32951438156650487,0.0
90,local,40,1,-0.014988547592363335,0.19721244923439357,1.0
90,local,42,2,-0.0364669055893099,-0.42538045272992,0.0
90,local,47,2,-0.0013475442222303582,0.11358408358801647,0.5
90,local,49,1,-0.08346445958783194,-0.7524181287677905,0.0
90,local,53,1,-0.014721388903237542,-0.36112346474449836,0.0
90,local,54,1,-0.00459566371913632,0.20950531915976878,0.0
90,local,56,2,0.010204617496084631,0.03747909939483396,0.5
90,local,60,1,-0.06442446815168353,-0.6932534735580443,0.0
90,local,61,1,-0.005181009000012934,0.19274461076738203,0.0
90,local,63,1,-0.06411998523573945,-0.4624094622033925,0.0
90,local,64,1,0.07266168830750827,0.2517329223477803,1.0
90,local,67,1,-0.06190441443488822,-0.8363094230566943,0.0
90,local,69,1,-0.009158565495132623,0.12019203504634357,0.0
90,local,70,1,-0.07844871359652382,-0.8100503501840306,0.0
90,local,71,1,0.08689466929228709,0.155279388265079,1.0
90,local,74,1,-0.06000255307480412,-0.8559341453244553,0.0
90,local,76,1,-0.04324244669396319,-0.33615157204741,0.0
90,local,77,1,-0.03539441848407017,-0.19404429024386238,0.0
90,local,78,1,0.06615642479030899,-0.026508749314262336,1.0
90,local,81,1,0.009526800695325202,0.093131971537108,1.0
90,local,83,1,-0.055632924745858486,-0.5625464834184766,0.0
90,local,84,1,0.011015232589055672,0.137371576860028,0.0
90,local,85,1,0.022653749283150698,-0.17135091197099367,1.0
90,local,88,1,-0.008434931245754066,-0.037650702997961194,0.0
90,local,89,1,-0.018769051516635195,-0.14047282534183803,0.0
90,turkey,0,1,-0.03106065925820082,-0.08259224836672296,0.0
90,turkey,1,1,0.02608500380039709,0.5334107664533176,1.0
90,turkey,2,1,0.025023779697637374,0.04331189802284538,1.0
90,turkey,7,1,-0.09875916972115818,-0.8344115727941048,0.0
90,turkey,9,1,0.008314756063977816,0.026252346495023005,1.0
90,turkey,10,1,0.03672150800369206,0.47563131472951375,1.0
90,turkey,14,1,-0.030369916014297643,-0.6575562013337091,0.0
90,turkey,16,1,-0.008546866831930275,-0.11493798270346006,1.0
90,turkey,17,1,-0.008932537452928685,0.14108165811869045,0.0
90,turkey,21,1,-0.05267127293116822,-0.7466111313257273,0.0
90,turkey,23,1,0.04284050667311605,-0.2717547336132614,1.0
90,turkey,28,2,0.013394290503908703,0.3560281837129847,0.5
90,turkey,32,1,-0.017375930044646035,-0.5505282034035461,0.0
90,turkey,35,2,-0.08082558635046863,-0.4327287372317885,0.0
90,turkey,39,1,-0.014183632616387849,-0.29872022385586966,0.0
90,turkey,40,1,-0.02748125272225093,-0.17436356221985577,0.0
90,turkey,42,2,-0.07990508744319276,-0.6283679707670512,0.0
90,turkey,47,2,-0.0003703516209890845,0.06801085495598802,0.5
90,turkey,49,1,-0.11593568354790412,-0.7571598613753219,0.0
90,turkey,53,1,-0.06364858158109227,-0.3919577859217063,0.0
90,turkey,54,1,-0.009437126312201748,-0.003695695172928004,0.0
90,turkey,56,2,0.0063103363059315715,-0.13743443989224913,0.5
90,turkey,60,1,-0.07147748152510607,-0.6203405703585388,0.0
90,turkey,61,1,-0.023190641662417355,-0.33681082824343456,0.0
90,turkey,63,1,-0.06521718033482754,-0.7683730909380901,0.0
90,turkey,64,1,0.05164790813886339,0.21413906369206281,1.0
90,turkey,67,1,-0.04252151744550677,-0.5353837241189003,0.0
90,turkey,69,1,-0.030426549503003664,-0.33126924530542634,0.0
90,turkey,70,1,-0.10308869075216166,-0.849459227775162,0.0
90,turkey,71,1,0.08618599351693158,0.19226350638418493,1.0
90,turkey,74,1,-0.04795833432467715,-0.5424231324293507,0.0
90,turkey,76,1,-0.08024369372566328,-0.7486935119341069,0.0
90,turkey,77,1,-0.03414115557228757,-0.0274925223146405,0.0
90,turkey,78,1,0.05589548092827604,-0.018027057509323152,1.0
90,turkey,81,1,-0.0696425655104554,-0.3439068615534701,0.0
90,turkey,83,1,-0.06349491231185089,-0.6802542712693753,0.0
90,turkey,84,1,-0.016261660751548987,0.09952403859771286,0.0
90,turkey,85,1,-0.0038943110941505044,-0.1867015452693645,1.0
90,turkey,88,1,-0.04558538041215532,-0.44550928382558613,0.0
90,turkey,89,1,-0.026631352651204317,-0.18448843024083283,0.0
90,combined,0,1,-0.04635932612694144,-0.42192630176257095,0.0
90,combined,1,1,0.010829239974254376,0.3764039335074387,0.0
90,combined,2,1,0.03854995733717103,0.10243403743530337,1.0
90,combined,7,1,-0.09458954542319273,-0.833324411847469,0.0
90,combined,9,1,0.028507651892179395,0.12532792346636776,1.0
90,combined,10,1,0.013578909772252984,0.2650687627831737,0.0
90,combined,14,1,-0.07512110382782072,-0.8145170293373605,0.0
90,combined,16,1,0.0044817289118916775,-0.05118527949811866,1.0
90,combined,17,1,-0.04069593290054437,-0.416852447037368,0.0
90,combined,21,1,-0.05767238863729904,-0.7167995632736743,0.0
90,combined,23,1,0.04439564020706639,-0.326552454067518,0.0
90,combined,28,2,-0.003807964519776101,0.07552228753365031,0.0
90,combined,32,1,-0.022817675859381062,-0.6857820352351423,0.0
90,combined,35,2,-0.026005499549525773,-0.345692361508144,0.0
90,combined,39,1,0.0031646392870050173,-0.04871881160926744,1.0
90,combined,40,1,-0.008588437733650249,0.22447296057571198,1.0
90,combined,42,2,-0.045006416062271,-0.33783295708694683,0.5
90,combined,47,2,-0.015018002686887938,0.09194445050178884,0.5
90,combined,49,1,-0.08666838022103479,-0.7552199573939258,0.0
90,combined,53,1,-0.022628286615944793,0.08003211809623118,1.0
90,combined,54,1,-0.011112368494754589,-0.026920461785575722,0.0
90,combined,56,2,0.002569457618784257,-0.19882550475894933,0.5
90,combined,60,1,-0.02462315831173066,0.09154373894441603,1.0
90,combined,61,1,-0.013420770264499615,-0.13788060715438055,0.0
90,combined,63,1,-0.062017640488101905,-0.834404716447231,0.0
90,combined,64,1,0.06387373208451179,0.255164713565511,1.0
90,combined,67,1,-0.0283896025723794,-0.08697881276496156,0.0
90,combined,69,1,-0.01795326900071606,-0.08960849482360078,0.0
90,combined,70,1,-0.08462142694687537,-0.8396394948598371,0.0
90,combined,71,1,0.08789612177052836,0.2360731669209517,1.0
90,combined,74,1,-0.05283772217101547,-0.3359831691989541,0.0
90,combined,76,1,-0.04609923275031828,-0.06835005096095781,0.0
90,combined,77,1,-0.030573253065890607,-0.09498146342054392,0.0
90,combined,78,1,0.08396125689166424,0.03960074971474142,1.0
90,combined,81,1,-0.01495855354311705,-0.027599211395779644,1.0
90,combined,83,1,-0.06522021742987394,-0.7489000168316604,0.0
90,combined,84,1,0.011326225585622796,0.4764232580375375,1.0
90,combined,85,1,0.012417405531462616,-0.17089660089184405,1.0
90,combined,88,1,0.013442227438552033,-0.03112032306497664,1.0
90,combined,89,1,-0.0020930030286530794,0.004712395905279387,1.0
90,nonlinear,0,1,-0.04916706827681156,-0.5220792811119646,0.0
90,nonlinear,1,1,0.004775224053436708,0.4699616302123932,1.0
90,nonlinear,2,1,0.03192463533567279,0.08796512321198326,1.0
90,nonlinear,7,1,-0.09250069173241464,-0.8344531481193114,0.0
90,nonlinear,9,1,0.017372566660493638,0.11442998727045968,1.0
90,nonlinear,10,1,0.0029217216798568257,0.5018431199072815,1.0
90,nonlinear,14,1,-0.08165608551663789,-0.8077196107805766,0.0
90,nonlinear,16,1,-0.010003365669316824,-0.05383287456246816,1.0
90,nonlinear,17,1,-0.031341503023328186,-0.4588009766840746,0.0
90,nonlinear,21,1,-0.059886096889208984,-0.7652763619164844,0.0
90,nonlinear,23,1,0.03921351367215688,-0.3188448225310171,0.0
90,nonlinear,28,2,-0.011010973394003705,0.09280031938220645,0.0
90,nonlinear,32,1,-0.03774098091364013,-0.8875878692993509,0.0
90,nonlinear,35,2,-0.03400982577862184,-0.3301229952240048,0.0
90,nonlinear,39,1,0.006055910195839079,-0.04697571743123735,1.0
90,nonlinear,40,1,-0.006800091585023111,0.2721916665421282,1.0
90,nonlinear,42,2,-0.04656690044390917,-0.34986645690899276,0.5
90,nonlinear,47,2,-0.016192739392986925,0.09939267999108714,0.5
90,nonlinear,49,1,-0.08285212688328769,-0.7446563951548724,0.0
90,nonlinear,53,1,-0.03404257623462564,0.2702026953359461,1.0
90,nonlinear,54,1,-0.01252276733208222,-0.029524447433684542,0.0
90,nonlinear,56,2,-0.007849757142164848,-0.27409747610791957,0.5
90,nonlinear,60,1,-0.018070659485498103,0.12920645847569023,1.0
90,nonlinear,61,1,-0.01980233772783592,-0.22748948282488324,0.0
90,nonlinear,63,1,-0.11075960644944507,-0.8426787251482821,0.0
90,nonlinear,64,1,0.07400121871508306,0.2550489281807263,1.0
90,nonlinear,67,1,-0.006126284558122717,-0.49059559859429047,0.0
90,nonlinear,69,1,-0.021320205392731564,-0.13805839974805545,0.0
90,nonlinear,70,1,-0.10794250042257365,-0.8324489235252388,0.0
90,nonlinear,71,1,0.09559042629665859,0.2358637472289049,1.0
90,nonlinear,74,1,-0.027413070914745055,-0.797683667737145,0.0
90,nonlinear,76,1,-0.05682534700654417,-0.36745688116491104,0.0
90,nonlinear,77,1,-0.040664655620235204,-0.6262756532340334,0.0
90,nonlinear,78,1,0.09220585531171568,0.07434786969327217,1.0
90,nonlinear,81,1,-0.03711734591405788,0.23170092464637682,1.0
90,nonlinear,83,1,-0.07138915232817547,-0.8449532785408937,0.0
90,nonlinear,84,1,-0.012617107109321402,0.3318725304189243,0.0
90,nonlinear,85,1,0.007455633661243244,-0.21085220637389773,1.0
90,nonlinear,88,1,-0.0060317844139656865,0.09219584990514634,1.0
90,nonlinear,89,1,-0.0029338301199007284,0.019145013528427568,1.0
