"acquired_at_utc","source_url","period_month","source_month_label","ldt_beached_metric_tonnes","ships_beached_count","observation_status"
"2026-08-12T10:03:35Z","https://www.alangtoday.com/alang-analysis.aspx","2016-01","Jan-2016","222850","15","complete"
"2026-08-12T10:03:35Z","https://www.alangtoday.com/alang-analysis.aspx","2016-02","Feb-2016","478773","50","complete"
"2026-08-12T10:03:35Z","https://www.alangtoday.com/alang-analysis.aspx","2016-03","Mar-2016","355363","33","complete"
"2026-08-12T10:03:35Z","https://www.alangtoday.com/alang-analysis.aspx","2016-04","Apr-2016","314390","30","complete"
"2026-08-12T10:03:35Z","https://www.alangtoday.com/alang-analysis.aspx","2016-05","May-2016","185344","17","complete"
"2026-08-12T10:03:35Z","https://www.alangtoday.com/alang-analysis.aspx","2016-06","Jun-2016","198051","17","complete"
"2026-08-12T10:03:35Z","https://www.alangtoday.com/alang-analysis.aspx","2016-07","Jul-2016","137354","15","complete"
"2026-08-12T10:03:35Z","https://www.alangtoday.com/alang-analysis.aspx","2016-08","Aug-2016","228794","21","complete"
"2026-08-12T10:03:35Z","https://www.alangtoday.com/alang-analysis.aspx","2016-09","Sep-2016","263068","21","complete"
"2026-08-12T10:03:35Z","https://www.alangtoday.com/alang-analysis.aspx","2016-10","Oct-2016","278046","26","complete"
"2026-08-12T10:03:35Z","https://www.alangtoday.com/alang-analysis.aspx","2016-11","Nov-2016","169230","17","complete"
"2026-08-12T10:03:35Z","https://www.alangtoday.com/alang-analysis.aspx","2016-12","Dec-2016","313766","25","complete"
"2026-08-12T10:03:35Z","https://www.alangtoday.com/alang-analysis.aspx","2017-01","Jan-2017","308424","29","complete"
"2026-08-12T10:03:35Z","https://www.alangtoday.com/alang-analysis.aspx","2017-02","Feb-2017","162336","15","complete"
"2026-08-12T10:03:35Z","https://www.alangtoday.com/alang-analysis.aspx","2017-03","Mar-2017","344447","41","complete"
"2026-08-12T10:03:35Z","https://www.alangtoday.com/alang-analysis.aspx","2017-04","Apr-2017","294361","31","complete"
"2026-08-12T10:03:35Z","https://www.alangtoday.com/alang-analysis.aspx","2017-05","May-2017","111099","15","complete"
"2026-08-12T10:03:35Z","https://www.alangtoday.com/alang-analysis.aspx","2017-06","Jun-2017","205825","20","complete"
"2026-08-12T10:03:35Z","https://www.alangtoday.com/alang-analysis.aspx","2017-07","Jul-2017","152576","14","complete"
"2026-08-12T10:03:35Z","https://www.alangtoday.com/alang-analysis.aspx","2017-08","Aug-2017","94637","8","complete"
"2026-08-12T10:03:35Z","https://www.alangtoday.com/alang-analysis.aspx","2017-09","Sep-2017","259400","17","complete"
"2026-08-12T10:03:35Z","https://www.alangtoday.com/alang-analysis.aspx","2017-10","Oct-2017","275531","21","complete"
"2026-08-12T10:03:35Z","https://www.alangtoday.com/alang-analysis.aspx","2017-11","Nov-2017","85391","15","complete"
"2026-08-12T10:03:35Z","https://www.alangtoday.com/alang-analysis.aspx","2017-12","Dec-2017","236257","23","complete"
"2026-08-12T10:03:35Z","https://www.alangtoday.com/alang-analysis.aspx","2018-01","Jan-2018","310194","32","complete"
"2026-08-12T10:03:35Z","https://www.alangtoday.com/alang-analysis.aspx","2018-02","Feb-2018","132669","20","complete"
"2026-08-12T10:03:35Z","https://www.alangtoday.com/alang-analysis.aspx","2018-03","Mar-2018","9544","1","complete"
"2026-08-12T10:03:35Z","https://www.alangtoday.com/alang-analysis.aspx","2018-04","Apr-2018","124858","19","complete"
"2026-08-12T10:03:35Z","https://www.alangtoday.com/alang-analysis.aspx","2018-05","May-2018","137370","31","complete"
"2026-08-12T10:03:35Z","https://www.alangtoday.com/alang-analysis.aspx","2018-06","Jun-2018","256833","32","complete"
"2026-08-12T10:03:35Z","https://www.alangtoday.com/alang-analysis.aspx","2018-07","Jul-2018","106805","9","complete"
"2026-08-12T10:03:35Z","https://www.alangtoday.com/alang-analysis.aspx","2018-08","Aug-2018","112982","11","complete"
"2026-08-12T10:03:35Z","https://www.alangtoday.com/alang-analysis.aspx","2018-09","Sep-2018","160082","13","complete"
"2026-08-12T10:03:35Z","https://www.alangtoday.com/alang-analysis.aspx","2018-10","Oct-2018","137364","19","complete"
"2026-08-12T10:03:35Z","https://www.alangtoday.com/alang-analysis.aspx","2018-11","Nov-2018","239779","21","complete"
"2026-08-12T10:03:35Z","https://www.alangtoday.com/alang-analysis.aspx","2018-12","Dec-2018","112779","11","complete"
"2026-08-12T10:03:35Z","https://www.alangtoday.com/alang-analysis.aspx","2019-01","Jan-2019","89032","22","complete"
"2026-08-12T10:03:35Z","https://www.alangtoday.com/alang-analysis.aspx","2019-02","Feb-2019","101676","8","complete"
"2026-08-12T10:03:35Z","https://www.alangtoday.com/alang-analysis.aspx","2019-03","Mar-2019","114424","13","complete"
"2026-08-12T10:03:35Z","https://www.alangtoday.com/alang-analysis.aspx","2019-04","Apr-2019","136552","20","complete"
"2026-08-12T10:03:35Z","https://www.alangtoday.com/alang-analysis.aspx","2019-05","May-2019","174204","17","complete"
"2026-08-12T10:03:35Z","https://www.alangtoday.com/alang-analysis.aspx","2019-06","Jun-2019","120368","17","complete"
"2026-08-12T10:03:35Z","https://www.alangtoday.com/alang-analysis.aspx","2019-07","Jul-2019","192562","18","complete"
"2026-08-12T10:03:35Z","https://www.alangtoday.com/alang-analysis.aspx","2019-08","Aug-2019","141320","14","complete"
"2026-08-12T10:03:35Z","https://www.alangtoday.com/alang-analysis.aspx","2019-09","Sep-2019","46494","8","complete"
"2026-08-12T10:03:35Z","https://www.alangtoday.com/alang-analysis.aspx","2019-10","Oct-2019","89378","12","complete"
"2026-08-12T10:03:35Z","https://www.alangtoday.com/alang-analysis.aspx","2019-11","Nov-2019","74929","16","complete"
"2026-08-12T10:03:35Z","https://www.alangtoday.com/alang-analysis.aspx","2019-12","Dec-2019","146633","15","complete"
"2026-08-12T10:03:35Z","https://www.alangtoday.com/alang-analysis.aspx","2020-01","Jan-2020","217788","32","complete"
"2026-08-12T10:03:35Z","https://www.alangtoday.com/alang-analysis.aspx","2020-02","Feb-2020","177219","21","complete"
"2026-08-12T10:03:35Z","https://www.alangtoday.com/alang-analysis.aspx","2020-03","Mar-2020","76640","7","complete"
"2026-08-12T10:03:35Z","https://www.alangtoday.com/alang-analysis.aspx","2020-04","Apr-2020","0","0","complete"
"2026-08-12T10:03:35Z","https://www.alangtoday.com/alang-analysis.aspx","2020-05","May-2020","78003","5","complete"
"2026-08-12T10:03:35Z","https://www.alangtoday.com/alang-analysis.aspx","2020-06","Jun-2020","267295","24","complete"
"2026-08-12T10:03:35Z","https://www.alangtoday.com/alang-analysis.aspx","2020-07","Jul-2020","338137","20","complete"
"2026-08-12T10:03:35Z","https://www.alangtoday.com/alang-analysis.aspx","2020-08","Aug-2020","167714","17","complete"
"2026-08-12T10:03:35Z","https://www.alangtoday.com/alang-analysis.aspx","2020-09","Sep-2020","75217","6","complete"
"2026-08-12T10:03:35Z","https://www.alangtoday.com/alang-analysis.aspx","2020-10","Oct-2020","116512","16","complete"
"2026-08-12T10:03:35Z","https://www.alangtoday.com/alang-analysis.aspx","2020-11","Nov-2020","152942","18","complete"
"2026-08-12T10:03:35Z","https://www.alangtoday.com/alang-analysis.aspx","2020-12","Dec-2020","173740","25","complete"
"2026-08-12T10:03:35Z","https://www.alangtoday.com/alang-analysis.aspx","2021-01","Jan-2021","227902","28","complete"
"2026-08-12T10:03:35Z","https://www.alangtoday.com/alang-analysis.aspx","2021-02","Feb-2021","97217","14","complete"
"2026-08-12T10:03:35Z","https://www.alangtoday.com/alang-analysis.aspx","2021-03","Mar-2021","53840","9","complete"
"2026-08-12T10:03:35Z","https://www.alangtoday.com/alang-analysis.aspx","2021-04","Apr-2021","142842","16","complete"
"2026-08-12T10:03:35Z","https://www.alangtoday.com/alang-analysis.aspx","2021-05","May-2021","144181","19","complete"
"2026-08-12T10:03:35Z","https://www.alangtoday.com/alang-analysis.aspx","2021-06","Jun-2021","152613","25","complete"
"2026-08-12T10:03:35Z","https://www.alangtoday.com/alang-analysis.aspx","2021-07","Jul-2021","83584","15","complete"
"2026-08-12T10:03:35Z","https://www.alangtoday.com/alang-analysis.aspx","2021-08","Aug-2021","90628","16","complete"
"2026-08-12T10:03:35Z","https://www.alangtoday.com/alang-analysis.aspx","2021-09","Sep-2021","132025","13","complete"
"2026-08-12T10:03:35Z","https://www.alangtoday.com/alang-analysis.aspx","2021-10","Oct-2021","124288","20","complete"
"2026-08-12T10:03:35Z","https://www.alangtoday.com/alang-analysis.aspx","2021-11","Nov-2021","148117","16","complete"
"2026-08-12T10:03:35Z","https://www.alangtoday.com/alang-analysis.aspx","2021-12","Dec-2021","123947","18","complete"
"2026-08-12T10:03:35Z","https://www.alangtoday.com/alang-analysis.aspx","2022-01","Jan-2022","61755","13","complete"
"2026-08-12T10:03:35Z","https://www.alangtoday.com/alang-analysis.aspx","2022-02","Feb-2022","88552","16","complete"
"2026-08-12T10:03:35Z","https://www.alangtoday.com/alang-analysis.aspx","2022-03","Mar-2022","157327","21","complete"
"2026-08-12T10:03:35Z","https://www.alangtoday.com/alang-analysis.aspx","2022-04","Apr-2022","208185","20","complete"
"2026-08-12T10:03:35Z","https://www.alangtoday.com/alang-analysis.aspx","2022-05","May-2022","182666","16","complete"
"2026-08-12T10:03:35Z","https://www.alangtoday.com/alang-analysis.aspx","2022-06","Jun-2022","74115","12","complete"
"2026-08-12T10:03:35Z","https://www.alangtoday.com/alang-analysis.aspx","2022-07","Jul-2022","24198","3","complete"
"2026-08-12T10:03:35Z","https://www.alangtoday.com/alang-analysis.aspx","2022-08","Aug-2022","29788","3","complete"
"2026-08-12T10:03:35Z","https://www.alangtoday.com/alang-analysis.aspx","2022-09","Sep-2022","69561","10","complete"
"2026-08-12T10:03:35Z","https://www.alangtoday.com/alang-analysis.aspx","2022-10","Oct-2022","83438","7","complete"
"2026-08-12T10:03:35Z","https://www.alangtoday.com/alang-analysis.aspx","2022-11","Nov-2022","112657","11","complete"
"2026-08-12T10:03:35Z","https://www.alangtoday.com/alang-analysis.aspx","2022-12","Dec-2022","75631","9","complete"
"2026-08-12T10:03:35Z","https://www.alangtoday.com/alang-analysis.aspx","2023-01","Jan-2023","116200","16","complete"
"2026-08-12T10:03:35Z","https://www.alangtoday.com/alang-analysis.aspx","2023-02","Feb-2023","109929","14","complete"
"2026-08-12T10:03:35Z","https://www.alangtoday.com/alang-analysis.aspx","2023-03","Mar-2023","60993","10","complete"
"2026-08-12T10:03:35Z","https://www.alangtoday.com/alang-analysis.aspx","2023-04","Apr-2023","65769","8","complete"
"2026-08-12T10:03:35Z","https://www.alangtoday.com/alang-analysis.aspx","2023-05","May-2023","54858","8","complete"
"2026-08-12T10:03:35Z","https://www.alangtoday.com/alang-analysis.aspx","2023-06","Jun-2023","75470","9","complete"
"2026-08-12T10:03:35Z","https://www.alangtoday.com/alang-analysis.aspx","2023-07","Jul-2023","76653","8","complete"
"2026-08-12T10:03:35Z","https://www.alangtoday.com/alang-analysis.aspx","2023-08","Aug-2023","75129","7","complete"
"2026-08-12T10:03:35Z","https://www.alangtoday.com/alang-analysis.aspx","2023-09","Sep-2023","64925","12","complete"
"2026-08-12T10:03:35Z","https://www.alangtoday.com/alang-analysis.aspx","2023-10","Oct-2023","160186","19","complete"
"2026-08-12T10:03:35Z","https://www.alangtoday.com/alang-analysis.aspx","2023-11","Nov-2023","71573","10","complete"
"2026-08-12T10:03:35Z","https://www.alangtoday.com/alang-analysis.aspx","2023-12","Dec-2023","115690","16","complete"
"2026-08-12T10:03:35Z","https://www.alangtoday.com/alang-analysis.aspx","2024-01","Jan-2024","90125","15","complete"
"2026-08-12T10:03:35Z","https://www.alangtoday.com/alang-analysis.aspx","2024-02","Feb-2024","23801","8","complete"
"2026-08-12T10:03:35Z","https://www.alangtoday.com/alang-analysis.aspx","2024-03","Mar-2024","68760","5","complete"
"2026-08-12T10:03:35Z","https://www.alangtoday.com/alang-analysis.aspx","2024-04","Apr-2024","42926","3","complete"
"2026-08-12T10:03:35Z","https://www.alangtoday.com/alang-analysis.aspx","2024-05","May-2024","84179","12","complete"
"2026-08-12T10:03:35Z","https://www.alangtoday.com/alang-analysis.aspx","2024-06","Jun-2024","59258","10","complete"
"2026-08-12T10:03:35Z","https://www.alangtoday.com/alang-analysis.aspx","2024-07","Jul-2024","31845","4","complete"
"2026-08-12T10:03:35Z","https://www.alangtoday.com/alang-analysis.aspx","2024-08","Aug-2024","80064","10","complete"
"2026-08-12T10:03:35Z","https://www.alangtoday.com/alang-analysis.aspx","2024-09","Sep-2024","44966","7","complete"
"2026-08-12T10:03:35Z","https://www.alangtoday.com/alang-analysis.aspx","2024-10","Oct-2024","89334","10","complete"
"2026-08-12T10:03:35Z","https://www.alangtoday.com/alang-analysis.aspx","2024-11","Nov-2024","96745","14","complete"
"2026-08-12T10:03:35Z","https://www.alangtoday.com/alang-analysis.aspx","2024-12","Dec-2024","56491","10","complete"
"2026-08-12T10:03:35Z","https://www.alangtoday.com/alang-analysis.aspx","2025-01","Jan-2025","120822","10","complete"
"2026-08-12T10:03:35Z","https://www.alangtoday.com/alang-analysis.aspx","2025-02","Feb-2025","153081","10","complete"
"2026-08-12T10:03:35Z","https://www.alangtoday.com/alang-analysis.aspx","2025-03","Mar-2025","74529","11","complete"
"2026-08-12T10:03:35Z","https://www.alangtoday.com/alang-analysis.aspx","2025-04","Apr-2025","47222","9","complete"
"2026-08-12T10:03:35Z","https://www.alangtoday.com/alang-analysis.aspx","2025-05","May-2025","28378","4","complete"
"2026-08-12T10:03:35Z","https://www.alangtoday.com/alang-analysis.aspx","2025-06","Jun-2025","68700","8","complete"
"2026-08-12T10:03:35Z","https://www.alangtoday.com/alang-analysis.aspx","2025-07","Jul-2025","145768","12","complete"
"2026-08-12T10:03:35Z","https://www.alangtoday.com/alang-analysis.aspx","2025-08","Aug-2025","111276","11","complete"
"2026-08-12T10:03:35Z","https://www.alangtoday.com/alang-analysis.aspx","2025-09","Sep-2025","183670","15","complete"
"2026-08-12T10:03:35Z","https://www.alangtoday.com/alang-analysis.aspx","2025-10","Oct-2025","126536","16","complete"
"2026-08-12T10:03:35Z","https://www.alangtoday.com/alang-analysis.aspx","2025-11","Nov-2025","136381","11","complete"
"2026-08-12T10:03:35Z","https://www.alangtoday.com/alang-analysis.aspx","2025-12","Dec-2025","25222","4","complete"
"2026-08-12T10:03:35Z","https://www.alangtoday.com/alang-analysis.aspx","2026-01","Jan-2026","41025","6","complete"
"2026-08-12T10:03:35Z","https://www.alangtoday.com/alang-analysis.aspx","2026-02","Feb-2026","119470","16","complete"
"2026-08-12T10:03:35Z","https://www.alangtoday.com/alang-analysis.aspx","2026-03","Mar-2026","54383","7","complete"
"2026-08-12T10:03:35Z","https://www.alangtoday.com/alang-analysis.aspx","2026-04","Apr-2026","179373","14","complete"
"2026-08-12T10:03:35Z","https://www.alangtoday.com/alang-analysis.aspx","2026-05","May-2026","8395","1","complete"
"2026-08-12T10:03:35Z","https://www.alangtoday.com/alang-analysis.aspx","2026-06","Jun-2026","173039","9","complete"
"2026-08-12T10:03:35Z","https://www.alangtoday.com/alang-analysis.aspx","2026-07","Jul-2026","109370","15","complete"
"2026-08-12T10:03:35Z","https://www.alangtoday.com/alang-analysis.aspx","2026-08","Aug-2026","43402","1","partial_at_acquisition"
"2026-08-12T10:03:35Z","https://www.alangtoday.com/alang-analysis.aspx","2026-09","Sep-2026","0","0","future_placeholder_zero"
"2026-08-12T10:03:35Z","https://www.alangtoday.com/alang-analysis.aspx","2026-10","Oct-2026","0","0","future_placeholder_zero"
"2026-08-12T10:03:35Z","https://www.alangtoday.com/alang-analysis.aspx","2026-11","Nov-2026","0","0","future_placeholder_zero"
"2026-08-12T10:03:35Z","https://www.alangtoday.com/alang-analysis.aspx","2026-12","Dec-2026","0","0","future_placeholder_zero"
