factor,cadence,horizon,native_matched_n,independent_n,spearman,pearson,circular_shift_p,first_half_spearman,second_half_spearman,stable_sign,first_date,last_date,holm_adjusted_p,screen_pass
china_hrc_mom1,weekly,10,71,36,0.3291928476686063,0.1654105897492583,0.0004997501249375312,0.6932685583615478,0.07533539731682146,True,2023-12-23,2025-10-24,0.06146926536731634,True
china_hrc_mom1,weekly,15,71,25,0.5065674823673639,0.5526121806402053,0.0004997501249375312,0.5410109189581528,0.4945054945054945,True,2023-12-23,2025-10-13,0.06146926536731634,True
china_hrc_mom1,weekly,30,68,14,0.6316201742038374,0.4148111744915263,0.0004997501249375312,0.5585812268712466,0.8524367141602663,True,2023-12-23,2025-10-06,0.06146926536731634,False
coking_coal_fixed_mom20,daily,5,38,8,-0.5714285714285715,-0.6527264451731538,0.0004997501249375312,-0.7999999999999999,-0.19999999999999998,True,2026-06-15,2026-08-04,0.06146926536731634,False
turkey_overlap_mom5,daily,5,477,119,0.15697997370229452,0.1798188257203573,0.03948025987006497,0.2180247962280355,0.1381873652518583,True,2023-12-23,2026-08-04,1.0,False
turkey_overlap_mom10,daily,5,472,117,0.14919800230579616,0.16512587273416038,0.07946026986506746,0.192605015062521,0.1430910512215232,True,2023-12-23,2026-08-04,1.0,False
turkey_overlap_mom20,daily,5,462,115,0.17426129469853405,0.13816878330495638,0.01249375312343828,0.20611844880983485,0.1825091550368455,True,2023-12-23,2026-08-04,1.0,False
iron_ore_fixed_mom5,daily,5,433,108,0.12965787681392985,0.11568672397385048,0.1839080459770115,0.1478012633577344,0.12484275567102476,True,2024-09-18,2026-08-04,1.0,False
iron_ore_fixed_mom20,daily,5,433,108,-0.011660018750691564,0.02068144330851015,0.9035482258870565,-0.11595631143258994,0.10075096282092166,False,2024-09-18,2026-08-04,1.0,False
china_hrc_mom1,weekly,5,72,70,0.28191515720533356,0.23683085123697592,0.035982008995502246,0.30195163519504037,0.2990532017249776,True,2023-12-23,2025-10-24,1.0,False
china_hrc_mom4,weekly,5,72,70,-0.11298205188936469,-0.11551350682331762,0.5227386306846576,-0.28046497312413976,0.12889674462528844,False,2023-12-23,2025-10-24,1.0,False
china_hrc_mom12,weekly,5,72,70,-0.04493865417725827,-0.14177669673533755,0.7146426786606697,-0.032585732544610856,-0.03580214386848324,True,2023-12-23,2025-10-24,1.0,False
turkey_overlap_mom5,daily,10,467,69,0.11180997231148274,0.06481996759481512,0.21039480259870064,0.11973389416888583,0.04977541388320877,True,2023-12-23,2026-07-28,1.0,False
turkey_overlap_mom10,daily,10,462,68,0.07360458340449563,0.062135903076185696,0.456271864067966,0.09822067356421277,0.02307986412289016,True,2023-12-23,2026-07-28,1.0,False
turkey_overlap_mom20,daily,10,452,67,0.18628553406847506,0.15240556669889016,0.047476261869065464,0.16741019499847906,0.1944211070484522,True,2023-12-23,2026-07-28,1.0,False
iron_ore_fixed_mom5,daily,10,426,63,0.17065684509865164,0.13364921531841228,0.2193903048475762,0.42051147141219064,-0.02602639296187683,False,2024-09-18,2026-07-28,1.0,False
iron_ore_fixed_mom20,daily,10,426,63,-0.09710614847866939,-0.06365666052156137,0.6451774112943528,-0.23994368291411264,-0.019061583577712607,True,2024-09-18,2026-07-28,1.0,False
turkey_rebar_fixed_mom5,daily,5,252,59,0.064256745362827,0.013925548032325407,0.719640179910045,-0.023732103959293403,0.11185237240810283,False,2025-07-10,2026-08-04,1.0,False
turkey_rebar_scrap_spread_mom5,daily,5,252,59,-0.15144297523136196,-0.11444321789106124,0.23938030984507747,0.008869179600886918,-0.21290322580645163,False,2025-07-10,2026-08-04,1.0,False
turkey_rebar_fixed_mom20,daily,5,238,56,-0.04987812170903588,-0.14500031275296085,0.735632183908046,0.014939683245556216,-0.04599589710256391,False,2025-07-31,2026-08-04,1.0,False
turkey_rebar_scrap_spread_mom20,daily,5,238,56,0.007280309002894343,-0.11704886922145624,0.896551724137931,0.1368925406392586,-0.16420361247947454,False,2025-07-31,2026-08-04,1.0,False
turkey_overlap_mom5,daily,15,456,47,0.1081370760281061,0.09110190252120394,0.4577711144427786,0.0374169330720211,0.1584331732303647,True,2023-12-23,2026-07-15,1.0,False
turkey_overlap_mom10,daily,15,451,46,-0.04580247131737123,-0.010812470719570838,0.7176411794102948,-0.12184286991221069,0.04853902947722215,False,2023-12-23,2026-07-15,1.0,False
turkey_overlap_mom20,daily,15,441,46,0.10348978914438216,0.12416746505251314,0.4767616191904048,0.2124820780176357,-0.019273536540947083,False,2023-12-23,2026-07-15,1.0,False
iron_ore_fixed_mom5,daily,15,420,43,0.2309758949110275,0.10796850385899745,0.21889055472263869,0.1576458822417267,0.28176171654432525,True,2024-09-18,2026-07-15,1.0,False
iron_ore_fixed_mom20,daily,15,420,43,0.0032510518759980957,-0.021512367383924747,1.0,-0.3402523625050601,0.2670807453416149,False,2024-09-18,2026-07-15,1.0,False
china_hrc_mom4,weekly,10,71,36,-0.1574626150786793,-0.11745057230510156,0.46326836581709147,-0.35527313972110464,0.013415892672858616,False,2023-12-23,2025-10-24,1.0,False
china_hrc_mom12,weekly,10,71,36,-0.15201497930165747,-0.26409897431036194,0.39280359820089955,-0.15765920486103732,-0.09803921568627451,True,2023-12-23,2025-10-24,1.0,False
turkey_rebar_fixed_mom5,daily,10,245,35,0.138727039216936,0.11959322054665489,0.20339830084957522,-0.026345453932541722,0.10196154500320459,False,2025-07-10,2026-07-28,1.0,False
turkey_rebar_scrap_spread_mom5,daily,10,245,35,0.04649859943977591,0.10765459799978978,0.8030984507746127,-0.04656862745098039,0.13519091847265222,False,2025-07-10,2026-07-28,1.0,False
turkey_rebar_fixed_mom20,daily,10,231,33,-0.06751026966742327,-0.050681985722281823,0.6846576711644178,-0.26908432530567955,-0.07357450800431158,True,2025-07-31,2026-07-28,1.0,False
turkey_rebar_scrap_spread_mom20,daily,10,231,33,-0.17947860962566847,-0.09644618943481566,0.3023488255872064,-0.10588235294117648,-0.16176470588235298,True,2025-07-31,2026-07-28,1.0,False
china_hrc_monthly_mom1,monthly,5,28,28,0.04884760434915008,0.04622903967526386,0.8135932033983009,-0.3177973955064613,0.3362637362637363,False,2023-12-23,2026-08-01,1.0,False
china_hrc_monthly_mom3,monthly,5,28,28,-0.1663013945819379,-0.19717277030351318,0.4682658670664668,-0.24445953500497025,-0.2087912087912088,True,2023-12-23,2026-08-01,1.0,False
china_hrc_monthly_mom1,monthly,10,28,27,-0.11904761904761904,-0.15859872751471532,0.5152423788105946,-0.47802197802197804,0.23076923076923075,False,2023-12-23,2026-08-01,1.0,False
china_hrc_monthly_mom3,monthly,10,28,27,-0.0873015873015873,-0.2621371495173352,0.7741129435282359,0.016483516483516484,-0.12087912087912088,False,2023-12-23,2026-08-01,1.0,False
usdinr_mom1,monthly,5,26,26,0.09982906083665284,0.029372706957123535,0.7376311844077961,0.13928927615703196,0.021978021978021976,True,2024-02-01,2026-08-01,1.0,False
usdinr_mom1,monthly,10,26,26,-0.1569230769230769,-0.29280859483825444,0.4912543728135932,-0.07142857142857142,-0.14835164835164835,True,2024-02-01,2026-08-01,1.0,False
turkey_sheet_mom1,monthly,5,26,26,0.37221488318820733,0.18023120249020894,0.07846076961519241,0.2562922681289388,0.5439560439560439,True,2024-02-01,2026-08-01,1.0,False
turkey_sheet_mom1,monthly,10,26,26,0.10905982905982906,0.02517678473031649,0.600199900049975,-0.11538461538461539,0.38461538461538464,False,2024-02-01,2026-08-01,1.0,False
bdi_mom1,monthly,5,26,26,-0.2704199582771111,-0.2736712115111334,0.15542228885557222,-0.05021316097627219,-0.5384615384615384,True,2024-02-01,2026-08-01,1.0,False
bdi_mom1,monthly,10,26,26,-0.05061559803529352,-0.07703476874947382,0.767616191904048,0.47592892341683096,-0.576923076923077,False,2024-02-01,2026-08-01,1.0,False
china_hrc_mom4,weekly,15,71,25,-0.12895849017583808,-0.2136673912594111,0.5647176411794103,-0.6121965661894886,0.3736263736263736,False,2023-12-23,2025-10-13,1.0,False
china_hrc_mom12,weekly,15,71,25,-0.17220205574378375,-0.23105364260954006,0.5812093953023488,-0.17440483571677293,-0.027472527472527472,True,2023-12-23,2025-10-13,1.0,False
china_hrc_monthly_mom1,monthly,15,27,25,-0.31562749922144945,-0.3097778187956493,0.08895552223888056,-0.5078816895453011,-0.23076923076923078,True,2023-12-23,2026-07-01,1.0,False
china_hrc_monthly_mom3,monthly,15,27,25,-0.3402618406240991,-0.38104258960698767,0.08595702148925537,-0.3222421754356393,-0.4505494505494505,True,2023-12-23,2026-07-01,1.0,False
usdinr_mom1,monthly,15,25,24,-0.2715405728145276,-0.2887882610535654,0.21039480259870064,0.09457107322567675,-0.44055944055944063,False,2024-02-01,2026-07-01,1.0,False
usdinr_mom3,monthly,5,24,24,-0.10283248805684916,-0.1215027221360506,0.688655672163918,0.13380613488875975,-0.2657342657342658,False,2024-09-18,2026-08-01,1.0,False
usdinr_mom3,monthly,10,24,24,-0.2895652173913043,-0.3727258678526553,0.30134932533733133,-0.2797202797202798,-0.14685314685314685,True,2024-09-18,2026-08-01,1.0,False
turkey_sheet_mom1,monthly,15,25,24,0.11053093829309296,-0.0318124410376386,0.7481259370314842,-0.23117373455165427,0.4825174825174825,False,2024-02-01,2026-07-01,1.0,False
turkey_sheet_mom3,monthly,5,24,24,0.36355765817645597,0.28229485369030993,0.16441779110444776,0.612691249227479,0.5804195804195805,True,2024-09-18,2026-08-01,1.0,False
turkey_sheet_mom3,monthly,10,24,24,-0.0034797741438893953,0.0034685178140394777,1.0,0.034965034965034975,0.2937062937062937,True,2024-09-18,2026-08-01,1.0,False
bdi_mom1,monthly,15,25,24,0.11536788206910376,0.049172790546033684,0.5147426286856571,0.2947368421052632,-0.08391608391608392,False,2024-02-01,2026-07-01,1.0,False
bdi_mom3,monthly,5,24,24,-0.25969560543170384,-0.3021831850861452,0.27936031984008,-0.40846083281831924,-0.3846153846153847,True,2024-09-18,2026-08-01,1.0,False
bdi_mom3,monthly,10,24,24,0.04434782608695652,-0.08054710632443719,0.8025987006496752,0.31468531468531474,-0.34965034965034975,False,2024-09-18,2026-08-01,1.0,False
turkey_rebar_fixed_mom5,daily,15,239,24,0.13195464691168382,-0.06040096558387586,0.48125937031484256,0.04160459499865047,0.26694617711750956,True,2025-07-10,2026-07-15,1.0,False
turkey_rebar_scrap_spread_mom5,daily,15,239,24,-0.18608695652173912,-0.2610799606551589,0.4367816091954023,0.027972027972027972,-0.16783216783216784,False,2025-07-10,2026-07-15,1.0,False
usdinr_mom3,monthly,15,23,22,-0.35443776185481646,-0.33082195757553456,0.09145427286356822,-0.2844156393243098,-0.4909090909090909,True,2024-09-18,2026-07-01,1.0,False
turkey_sheet_mom3,monthly,15,23,22,0.026010752924107133,-0.023817104008123504,0.9600199900049975,-0.2660662432388705,0.3545454545454546,False,2024-09-18,2026-07-01,1.0,False
bdi_mom3,monthly,15,23,22,0.011871121210448398,-0.0088294522574842,1.0,0.18349396085439343,-0.018181818181818184,False,2024-09-18,2026-07-01,1.0,False
turkey_rebar_fixed_mom20,daily,15,225,22,-0.14922284661790494,-0.028894469582771937,0.5247376311844077,0.15771611160340113,-0.43636363636363645,False,2025-07-31,2026-07-15,1.0,False
turkey_overlap_mom5,daily,30,426,22,0.09962139774989504,-0.0014892692291512168,0.9535232383808095,0.08735839935247218,0.24784079854830485,True,2023-12-23,2026-06-15,1.0,False
turkey_overlap_mom10,daily,30,421,22,0.1360813099943535,0.2007310577350457,0.5582208895552224,-0.045454545454545456,0.19090909090909092,False,2023-12-23,2026-06-15,1.0,False
turkey_overlap_mom20,daily,30,411,22,0.12143462783025705,0.259097517967243,0.6756621689155422,-0.01822328190312821,0.2545454545454546,False,2023-12-23,2026-06-15,1.0,False
turkey_rebar_scrap_spread_mom20,daily,15,225,22,0.009601807781927301,-0.06152609588609903,0.9025487256371814,0.3181818181818182,-0.3181818181818182,False,2025-07-31,2026-07-15,1.0,False
iron_ore_fixed_mom5,daily,30,399,21,-0.18577461194154332,-0.11893235787923405,0.34332833583208394,0.12766016417281356,-0.27272727272727276,False,2024-09-18,2026-06-15,1.0,False
iron_ore_fixed_mom20,daily,30,399,21,-0.16953557243616363,-0.004887281111840305,0.487256371814093,-0.5896683773696626,0.07272727272727274,False,2024-09-18,2026-06-15,1.0,False
china_hrc_monthly_mom1,monthly,30,26,19,-0.36946032516786165,-0.33076052850130166,0.2893553223388306,-0.6778302010921357,-0.33333333333333326,True,2023-12-23,2026-06-15,1.0,False
china_hrc_monthly_mom3,monthly,30,26,19,-0.4686266357236059,-0.44175178668242054,0.1629185407296352,-0.25104822262671694,-0.6848484848484848,True,2023-12-23,2026-06-15,1.0,False
usdinr_mom1,monthly,30,24,18,0.07743934950413432,0.0745452026454537,0.8325837081459271,0.7196715715299219,-0.2833333333333333,False,2024-02-01,2026-06-15,1.0,False
turkey_sheet_mom1,monthly,30,24,18,-0.02168301786115761,0.05091937690249755,0.935032483758121,-0.18410202992625907,0.049999999999999996,False,2024-02-01,2026-06-15,1.0,False
bdi_mom1,monthly,30,24,18,-0.17561983471074383,-0.16759076767232384,0.543728135932034,-0.638655462184874,0.15,False,2024-02-01,2026-06-15,1.0,False
usdinr_mom3,monthly,30,23,17,-0.1361128398079764,0.006686264791414422,0.7706146926536732,0.10778636357219329,-0.39999999999999997,False,2024-09-18,2026-06-15,1.0,False
turkey_sheet_mom3,monthly,30,23,17,0.16809815950920248,0.2105369442513716,0.4512743628185907,0.14371515142959107,0.3,True,2024-09-18,2026-06-15,1.0,False
bdi_mom3,monthly,30,23,17,-0.3654200564214142,-0.29057794440045254,0.3233383308345827,-0.7185757571479554,-0.11666666666666665,True,2024-09-18,2026-06-15,1.0,False
turkey_overlap_mom5,daily,45,396,15,-0.2150551448197962,-0.1525491442952112,0.41579210394802596,-0.642857142857143,-0.15569141404872364,True,2023-12-23,2026-06-15,1.0,False
turkey_overlap_mom10,daily,45,391,15,0.07857142857142857,-0.06040463861766529,0.8085957021489255,-0.3571428571428572,0.11904761904761905,False,2023-12-23,2026-06-15,1.0,False
china_hrc_mom4,weekly,30,68,14,-0.14610431075889477,-0.12385606301040619,0.6976511744127936,-0.6847124716486249,0.7412493166611013,False,2023-12-23,2025-10-06,1.0,False
china_hrc_mom12,weekly,30,68,14,-0.15059982801301464,-0.2548915118013599,0.777111444277861,-0.198206241793023,-0.11118739749916519,True,2023-12-23,2025-10-06,1.0,False
iron_ore_fixed_mom5,daily,45,379,14,0.0022075270337830345,0.1268299511466988,1.0,-0.37062465833055064,0.0,False,2024-09-18,2026-06-15,1.0,False
iron_ore_fixed_mom20,daily,45,379,14,0.050773121777009794,0.20561677094033864,0.9260369815092454,0.18531232916527532,0.21428571428571433,True,2024-09-18,2026-06-15,1.0,False
turkey_overlap_mom20,daily,45,381,14,0.3274725274725274,0.47181050375567546,0.13893053473263367,0.3214285714285715,0.25,True,2023-12-23,2026-06-15,1.0,False
usdinr_mom1,monthly,45,22,12,0.143607926009361,-0.0067987358143159465,0.9050474762618691,0.6377481392176932,-0.4285714285714286,False,2024-02-01,2026-06-15,1.0,False
china_hrc_monthly_mom1,monthly,45,24,12,0.12959739664259406,0.17970606440808806,0.5472263868065967,-0.11595420713048968,0.5428571428571429,False,2023-12-23,2026-06-15,1.0,False
china_hrc_monthly_mom3,monthly,45,24,12,0.18213688176797005,0.04760350433368843,0.7166416791604198,0.28988551782622424,-0.08571428571428573,False,2023-12-23,2026-06-15,1.0,False
turkey_sheet_mom1,monthly,45,22,12,0.31523691075225585,0.3726709501619607,0.4527736131934033,0.898645105261295,0.08571428571428573,True,2024-02-01,2026-06-15,1.0,False
bdi_mom1,monthly,45,22,12,0.268421052631579,0.22245780752669048,0.35332333833083457,0.27941176470588236,0.08571428571428573,True,2024-02-01,2026-06-15,1.0,False
usdinr_mom3,monthly,45,21,11,0.18678863950706415,0.0906278753894632,0.4107946026986507,0.6668859288553503,-0.4285714285714286,False,2024-09-18,2026-06-15,1.0,False
turkey_sheet_mom3,monthly,45,21,11,0.02511415525114155,0.12118089583244551,1.0,-0.05129891760425771,0.08571428571428573,False,2024-09-18,2026-06-15,1.0,False
bdi_mom3,monthly,45,21,11,-0.17767699855550004,-0.28373372122483226,0.712143928035982,-0.20519567041703085,0.08571428571428573,False,2024-09-18,2026-06-15,1.0,False
usdinr_daily_mom5,daily,5,46,11,0.45454545454545453,0.4611579301271518,0.20789605197401298,0.09999999999999999,0.7142857142857143,True,2026-05-22,2026-08-04,1.0,False
china_hrc_fixed_mom5,daily,5,46,11,-0.15454545454545454,-0.1672607041176537,0.5142428785607196,-0.39999999999999997,0.028571428571428574,False,2026-05-20,2026-08-04,1.0,False
turkey_rebar_fixed_mom5,daily,30,218,11,-0.18115789195666254,-0.5561834983175893,0.5952023988005997,-0.22360679774997894,-0.11595420713048969,True,2025-07-10,2026-06-15,1.0,False
turkey_rebar_fixed_mom20,daily,30,204,11,-0.28181818181818186,-0.34099301337969795,0.2108945527236382,-0.09999999999999999,-0.6,True,2025-07-31,2026-06-15,1.0,False
turkey_rebar_scrap_spread_mom5,daily,30,218,11,-0.3181818181818182,-0.572876182929678,0.37831084457771114,-0.09999999999999999,-0.48571428571428577,True,2025-07-10,2026-06-15,1.0,False
turkey_rebar_scrap_spread_mom20,daily,30,204,11,-0.5727272727272729,-0.40982155231482803,0.2933533233383308,-0.7999999999999999,-0.5428571428571429,True,2025-07-31,2026-06-15,1.0,False
china_hrc_mom1,weekly,45,66,10,-0.05521888072258639,0.037282721468886476,0.895552223888056,-0.22360679774997896,0.09999999999999999,False,2023-12-23,2025-10-13,1.0,False
china_hrc_mom4,weekly,45,66,10,-0.2883652659957289,-0.20840267568992868,0.44127936031984005,-0.22360679774997896,0.09999999999999999,False,2023-12-23,2025-10-13,1.0,False
china_hrc_mom12,weekly,45,66,10,-0.4724282017376836,-0.37448291352267654,0.568215892053973,-0.22360679774997896,-0.7,True,2023-12-23,2025-10-13,1.0,False
china_hrc_monthly_mom1,monthly,60,22,10,0.18787878787878787,0.15386948577471812,0.440279860069965,0.19999999999999998,0.09999999999999999,True,2023-12-23,2026-03-02,1.0,False
china_hrc_monthly_mom3,monthly,60,22,10,0.06666666666666665,-0.04807691809400096,0.4352823588205897,0.3,0.0,False,2023-12-23,2026-03-02,1.0,False
coking_coal_fixed_mom5,daily,5,45,10,0.34545454545454546,0.27609225063422266,0.22438780609695153,0.3,0.49999999999999994,True,2026-05-22,2026-08-04,1.0,False
iron_ore_fixed_mom5,daily,60,358,10,0.40121765882884264,0.11680405805349903,0.10494752623688156,0.10259783520851543,0.7999999999999999,True,2024-09-18,2026-03-18,1.0,False
iron_ore_fixed_mom20,daily,60,358,10,0.024316221747202587,0.10605042524587228,0.6756621689155422,-0.8720815992723809,-0.09999999999999999,True,2024-09-18,2026-03-18,1.0,False
turkey_overlap_mom5,daily,60,366,10,0.23928181646454103,0.142815236292838,0.3458270864567716,0.0,0.6708203932499368,False,2023-12-23,2026-02-03,1.0,False
turkey_overlap_mom10,daily,60,361,10,0.4545454545454545,0.21191267593569799,0.2283858070964518,0.19999999999999998,0.49999999999999994,True,2023-12-23,2026-02-07,1.0,False
turkey_overlap_mom20,daily,60,351,10,0.34545454545454546,0.48077422140254694,0.4672663668165917,0.6,0.49999999999999994,True,2023-12-23,2026-02-23,1.0,False
usdinr_mom1,monthly,60,20,9,-0.25,-0.09493764464783014,0.6166916541729135,1.0,-0.9999999999999999,False,2024-09-18,2026-03-02,1.0,False
usdinr_mom3,monthly,60,20,9,0.11666666666666665,0.13840230714665216,0.7606196901549226,0.7999999999999999,-0.19999999999999998,False,2024-09-18,2026-03-02,1.0,False
turkey_sheet_mom1,monthly,60,20,9,0.41666666666666663,0.5084999544666426,0.1294352823588206,0.7999999999999999,0.19999999999999998,True,2024-09-18,2026-03-02,1.0,False
turkey_sheet_mom3,monthly,60,20,9,0.3666666666666667,0.3635147141022483,0.2563718140929535,0.39999999999999997,0.49999999999999994,True,2024-09-18,2026-03-02,1.0,False
bdi_mom1,monthly,60,20,9,-0.21666666666666667,-0.2040131521199334,0.5017491254372813,-0.7999999999999999,-0.3,True,2024-09-18,2026-03-02,1.0,False
bdi_mom3,monthly,60,20,9,-0.2833333333333333,-0.45355505877803165,0.5012493753123438,-1.0,-0.6,True,2024-09-18,2026-03-02,1.0,False
usdinr_daily_mom20,daily,5,39,9,0.35,0.24815420454372328,0.6136931534232883,-0.7999999999999999,-0.09999999999999999,True,2026-06-15,2026-08-04,1.0,False
china_hrc_fixed_mom20,daily,5,39,9,-0.25,-0.26349626528758036,0.5052473763118441,0.19999999999999998,-0.8999999999999998,False,2026-06-15,2026-08-04,1.0,False
china_hrc_mom1,weekly,60,64,8,0.01197626261913259,-0.07376753708205061,1.0,0.9486832980505139,-0.7999999999999999,False,2023-12-23,2025-09-29,1.0,False
china_hrc_mom4,weekly,60,64,8,-0.6586944440522925,-0.6058748412409289,0.13693153423288357,-0.7378647873726218,-0.7999999999999999,True,2023-12-23,2025-09-29,1.0,False
china_hrc_mom12,weekly,60,64,8,-0.5149792926227014,-0.4583579051543975,0.4207896051974013,0.10540925533894598,-0.6000000000000001,False,2023-12-23,2025-09-29,1.0,False
iron_ore_mom1,monthly,5,8,8,0.03592878785739777,-0.24151031566215067,0.8450774612693653,0.632455532033676,-0.19999999999999998,False,2024-02-01,2026-01-01,1.0,False
iron_ore_mom1,monthly,10,8,8,0.5476190476190477,0.5868792460102684,0.40879560219890054,-0.39999999999999997,0.6000000000000001,False,2024-02-01,2026-01-01,1.0,False
iron_ore_mom1,monthly,15,8,8,-0.09523809523809526,-0.20729358157030675,0.7271364317841079,-0.7999999999999999,0.0,False,2024-02-01,2026-01-01,1.0,False
turkey_rebar_fixed_mom5,daily,45,198,8,-0.520029946667637,-0.5274684453481676,0.29185407296351823,,-0.7999999999999999,False,2025-07-10,2026-06-15,1.0,False
turkey_rebar_scrap_spread_mom5,daily,45,198,8,-0.11904761904761905,-0.3740588033385482,0.7106446776611695,-0.39999999999999997,-0.39999999999999997,True,2025-07-10,2026-06-15,1.0,False
iron_ore_mom1,monthly,30,7,7,-0.25,0.08123031065870008,,,0.0,False,2024-02-01,2026-01-01,,False
iron_ore_mom1,monthly,45,7,7,0.14285714285714288,0.42516651833922053,,,0.0,False,2024-02-01,2026-01-01,,False
coking_coal_mom1,monthly,5,7,7,0.28571428571428575,0.36282419515789666,,,0.0,False,2024-10-01,2026-07-01,,False
coking_coal_mom1,monthly,10,7,7,-0.39285714285714296,-0.2467935463559845,,,-0.6000000000000001,False,2024-10-01,2026-07-01,,False
coking_coal_mom1,monthly,15,7,7,-0.25,-0.1956167997383517,,,-0.39999999999999997,False,2024-10-01,2026-07-01,,False
coking_coal_mom1,monthly,30,7,7,-0.21428571428571433,-0.13141634367077074,,,-0.39999999999999997,False,2024-10-01,2026-07-01,,False
coking_coal_mom3,monthly,5,7,7,0.3571428571428572,0.33306335872563164,,,1.0,False,2024-10-01,2026-07-01,,False
coking_coal_mom3,monthly,10,7,7,0.10714285714285716,-0.026305416475241542,,,0.7999999999999999,False,2024-10-01,2026-07-01,,False
coking_coal_mom3,monthly,15,7,7,0.39285714285714296,0.2460082774464648,,,0.19999999999999998,False,2024-10-01,2026-07-01,,False
coking_coal_mom3,monthly,30,7,7,0.14285714285714288,0.15529324684973866,,,0.19999999999999998,False,2024-10-01,2026-07-01,,False
turkey_rebar_fixed_mom20,daily,45,184,7,0.36037498507822363,0.12307519053322494,,,-0.39999999999999997,False,2025-07-31,2026-06-15,,False
turkey_rebar_scrap_spread_mom20,daily,45,184,7,0.03571428571428572,-0.033499757958553415,,,0.19999999999999998,False,2025-07-31,2026-06-15,,False
usdinr_mom1,monthly,90,19,6,0.8285714285714287,0.9170003402006334,,,,False,2024-09-18,2026-01-01,,False
usdinr_mom3,monthly,90,19,6,0.6,0.16666628899454858,,,,False,2024-09-18,2026-01-01,,False
china_hrc_monthly_mom1,monthly,90,19,6,-0.08571428571428573,-0.08061566440832714,,,,False,2024-09-18,2026-01-01,,False
china_hrc_monthly_mom3,monthly,90,19,6,-0.14285714285714288,-0.21232825505200004,,,,False,2024-09-18,2026-01-01,,False
turkey_sheet_mom1,monthly,90,19,6,-0.2571428571428572,-0.27691388993465144,,,,False,2024-09-18,2026-01-01,,False
turkey_sheet_mom3,monthly,90,19,6,0.08571428571428573,-0.15606163093931452,,,,False,2024-09-18,2026-01-01,,False
bdi_mom1,monthly,90,19,6,-0.48571428571428577,-0.29649053101315864,,,,False,2024-09-18,2026-01-01,,False
bdi_mom3,monthly,90,19,6,-0.4285714285714286,-0.26084280018637346,,,,False,2024-09-18,2026-01-01,,False
iron_ore_mom1,monthly,60,6,6,-0.3714285714285715,-0.10292627499752827,,,,False,2024-10-01,2026-01-01,,False
iron_ore_mom1,monthly,90,6,6,-0.7142857142857143,-0.7383286821083473,,,,False,2024-10-01,2026-01-01,,False
iron_ore_mom3,monthly,5,6,6,-0.3714285714285715,-0.587857552750486,,,,False,2024-10-01,2026-01-01,,False
iron_ore_mom3,monthly,10,6,6,-0.028571428571428574,0.03420123094747009,,,,False,2024-10-01,2026-01-01,,False
iron_ore_mom3,monthly,15,6,6,-0.028571428571428574,-0.4173411608584515,,,,False,2024-10-01,2026-01-01,,False
iron_ore_mom3,monthly,30,6,6,-0.028571428571428574,0.201908094256184,,,,False,2024-10-01,2026-01-01,,False
iron_ore_mom3,monthly,45,6,6,0.6,0.4803257971844218,,,,False,2024-10-01,2026-01-01,,False
iron_ore_mom3,monthly,60,6,6,0.2,0.36394276380544266,,,,False,2024-10-01,2026-01-01,,False
iron_ore_mom3,monthly,90,6,6,0.2,0.1502680438912322,,,,False,2024-10-01,2026-01-01,,False
coking_coal_mom1,monthly,45,6,6,0.3714285714285715,0.18560505768294994,,,,False,2024-10-01,2026-04-01,,False
coking_coal_mom1,monthly,60,6,6,0.2,0.2782767790427949,,,,False,2024-10-01,2026-04-01,,False
coking_coal_mom3,monthly,45,6,6,-0.028571428571428574,-0.12636775524381258,,,,False,2024-10-01,2026-04-01,,False
coking_coal_mom3,monthly,60,6,6,-0.14285714285714288,-0.057760364726616456,,,,False,2024-10-01,2026-04-01,,False
usdinr_daily_mom5,daily,10,39,6,0.7142857142857143,0.48238141337877705,,,,False,2026-05-22,2026-07-28,,False
coking_coal_fixed_mom5,daily,10,38,6,0.7714285714285715,0.7188238536424542,,,,False,2026-05-22,2026-07-28,,False
china_hrc_fixed_mom5,daily,10,39,6,-0.6,-0.560842396228924,,,,False,2026-05-20,2026-07-28,,False
iron_ore_fixed_mom5,daily,90,341,6,-0.2,-0.14925927719321042,,,,False,2024-09-18,2025-12-16,,False
iron_ore_fixed_mom20,daily,90,341,6,0.14285714285714288,0.17588393460888804,,,,False,2024-09-18,2025-12-16,,False
turkey_overlap_mom5,daily,90,333,6,-0.6377481392176932,-0.24352728846800162,,,,False,2024-10-03,2025-12-30,,False
turkey_overlap_mom10,daily,90,328,6,-0.028571428571428574,-0.21164441801129635,,,,False,2024-10-10,2026-01-06,,False
turkey_overlap_mom20,daily,90,318,6,0.3714285714285715,0.4268971431188672,,,,False,2024-10-24,2026-01-22,,False
china_hrc_mom1,weekly,90,59,5,0.39999999999999997,0.5112980746155432,,,,False,2024-09-18,2025-09-22,,False
china_hrc_mom4,weekly,90,59,5,-0.6,-0.5529296221492507,,,,False,2024-09-18,2025-09-22,,False
china_hrc_mom12,weekly,90,59,5,-0.8999999999999998,-0.8398925123874115,,,,False,2024-09-18,2025-09-22,,False
coking_coal_mom1,monthly,90,5,5,0.8999999999999998,0.836068072067301,,,,False,2024-10-01,2026-01-01,,False
coking_coal_mom3,monthly,90,5,5,0.8999999999999998,0.8952229407039294,,,,False,2024-10-01,2026-01-01,,False
usdinr_daily_mom20,daily,10,36,5,0.6,0.36476848100272574,,,,False,2026-06-15,2026-07-28,,False
coking_coal_fixed_mom20,daily,10,35,5,-0.8999999999999998,-0.9471063919253232,,,,False,2026-06-15,2026-07-28,,False
china_hrc_fixed_mom20,daily,10,36,5,0.39999999999999997,0.4085568868801153,,,,False,2026-06-15,2026-07-28,,False
turkey_rebar_fixed_mom5,daily,60,177,5,-0.8720815992723809,-0.9630497722376227,,,,False,2025-07-10,2026-03-10,,False
turkey_rebar_fixed_mom20,daily,60,163,5,0.7,0.35202005215669224,,,,False,2025-07-31,2026-03-31,,False
turkey_rebar_scrap_spread_mom5,daily,60,177,5,-0.9999999999999999,-0.9514235878638831,,,,False,2025-07-10,2026-03-10,,False
turkey_rebar_scrap_spread_mom20,daily,60,163,5,0.49999999999999994,0.34254504719455836,,,,False,2025-07-31,2026-03-31,,False
china_hrc_fixed_mom5,daily,15,32,4,0.39999999999999997,0.11117581022536303,,,,False,2026-05-20,2026-07-15,,False
usdinr_daily_mom5,daily,15,31,3,1.0,0.8401894154312995,,,,False,2026-06-15,2026-07-15,,False
usdinr_daily_mom20,daily,15,31,3,1.0,0.7464265415501352,,,,False,2026-06-15,2026-07-15,,False
coking_coal_fixed_mom5,daily,15,30,3,0.5,0.7496983078688354,,,,False,2026-06-15,2026-07-15,,False
coking_coal_fixed_mom20,daily,15,30,3,-1.0,-0.9885125915989588,,,,False,2026-06-15,2026-07-15,,False
china_hrc_fixed_mom20,daily,15,31,3,0.5,0.8965639505213164,,,,False,2026-06-15,2026-07-15,,False
turkey_rebar_fixed_mom5,daily,90,160,3,-0.8660254037844387,-0.6359758465150707,,,,False,2025-07-10,2026-01-06,,False
turkey_rebar_fixed_mom20,daily,90,146,3,0.5,0.13864301384948793,,,,False,2025-07-31,2026-01-27,,False
turkey_rebar_scrap_spread_mom5,daily,90,160,3,-1.0,-0.7032036589380686,,,,False,2025-07-10,2026-01-06,,False
turkey_rebar_scrap_spread_mom20,daily,90,146,3,0.5,0.6315014926951564,,,,False,2025-07-31,2026-01-27,,False
usdinr_daily_mom5,daily,30,21,1,,,,,,False,2026-06-15,2026-06-15,,False
usdinr_daily_mom5,daily,45,11,1,,,,,,False,2026-06-15,2026-06-15,,False
usdinr_daily_mom20,daily,30,21,1,,,,,,False,2026-06-15,2026-06-15,,False
usdinr_daily_mom20,daily,45,11,1,,,,,,False,2026-06-15,2026-06-15,,False
coking_coal_fixed_mom5,daily,30,20,1,,,,,,False,2026-06-15,2026-06-15,,False
coking_coal_fixed_mom5,daily,45,10,1,,,,,,False,2026-06-15,2026-06-15,,False
coking_coal_fixed_mom20,daily,30,20,1,,,,,,False,2026-06-15,2026-06-15,,False
coking_coal_fixed_mom20,daily,45,10,1,,,,,,False,2026-06-15,2026-06-15,,False
china_hrc_fixed_mom5,daily,30,21,1,,,,,,False,2026-06-15,2026-06-15,,False
china_hrc_fixed_mom5,daily,45,11,1,,,,,,False,2026-06-15,2026-06-15,,False
china_hrc_fixed_mom20,daily,30,21,1,,,,,,False,2026-06-15,2026-06-15,,False
china_hrc_fixed_mom20,daily,45,11,1,,,,,,False,2026-06-15,2026-06-15,,False
usdinr_daily_mom5,daily,60,0,0,,,,,,False,,,,False
usdinr_daily_mom5,daily,90,0,0,,,,,,False,,,,False
usdinr_daily_mom20,daily,60,0,0,,,,,,False,,,,False
usdinr_daily_mom20,daily,90,0,0,,,,,,False,,,,False
coking_coal_fixed_mom5,daily,60,0,0,,,,,,False,,,,False
coking_coal_fixed_mom5,daily,90,0,0,,,,,,False,,,,False
coking_coal_fixed_mom20,daily,60,0,0,,,,,,False,,,,False
coking_coal_fixed_mom20,daily,90,0,0,,,,,,False,,,,False
china_hrc_fixed_mom5,daily,60,0,0,,,,,,False,,,,False
china_hrc_fixed_mom5,daily,90,0,0,,,,,,False,,,,False
china_hrc_fixed_mom20,daily,60,0,0,,,,,,False,,,,False
china_hrc_fixed_mom20,daily,90,0,0,,,,,,False,,,,False
