rule,horizon,eligible_n,called_n,coverage,up_calls,down_calls,flat_outcomes,raw_hit_rate_including_flat,mean_signed_log_return,median_signed_change_inr,holding_hurdle_inr,economic_hit_rate,mean_signed_net_value_inr,median_signed_net_value_inr,bootstrap_mean_signed_ci_low,bootstrap_mean_signed_ci_high,raw_one_sided_p,phase_cohort_count,nonoverlap_n_min,nonoverlap_n_median,nonoverlap_n_max,phase_mean_signed_min,phase_mean_signed_median,phase_hit_min,phase_hit_median,standardized_edge,max_shift_adjusted_p,passes_prespecified_rule_gate
rule_plate_melt,5,590,272,0.4610169491525424,142,130,72,0.3786764705882353,0.0013933107159017739,0.0,150,0.5110294117647058,48.529411764705884,50.0,-0.001243463210583277,0.0040006689565263,0.15292353823088456,4,79,79.5,80,0.0012034712434074353,0.0012429743874247997,0.35,0.36479430379746836,0.8457998173506839,0.8227848101265823,False
rule_plate_melt,10,586,264,0.45051194539249145,142,122,42,0.4583333333333333,0.0035747065140858923,0.0,300,0.5340909090909091,118.93939393939394,150.0,-0.0016945748080706335,0.009169295322509086,0.1024487756121939,8,45,46.0,46,0.004607466999947666,0.004772997289106776,0.5,0.5217391304347826,1.1640177094970954,0.670219853431046,False
rule_plate_melt,15,576,260,0.4513888888888889,142,118,37,0.55,0.0076057256833245756,200.0,450,0.6192307692307693,252.69230769230768,350.0,0.0003400714939194884,0.014877232666290902,0.01699150424787606,11,35,35.0,36,0.0062647192336240795,0.00626639269251999,0.5428571428571428,0.5428571428571428,1.7603693417390633,0.21852098600932712,False
rule_plate_melt,30,550,238,0.43272727272727274,142,96,23,0.6764705882352942,0.022044432317629585,850.0,900,0.6050420168067226,657.9831932773109,800.0,0.012507273951456172,0.03179737690363558,0.0004997501249375312,2,19,19.0,19,0.02431131404840437,0.024378020774804058,0.6842105263157895,0.6842105263157895,2.546767810412451,0.022651565622918056,False
rule_plate_melt,45,526,231,0.4391634980988593,140,91,13,0.7489177489177489,0.031350517368990215,900.0,1350,0.5541125541125541,884.1991341991342,850.0,0.017579888054344812,0.046706886475532436,0.0004997501249375312,18,12,12.0,12,0.019838891373923213,0.021109545559033105,0.6666666666666666,0.6666666666666666,2.3124100006119943,0.046635576282478344,False
rule_plate_melt,60,503,224,0.44532803180914515,131,93,17,0.6919642857142857,0.03415021637688665,1000.0,1800,0.5669642857142857,954.9107142857143,750.0,0.017136470386669628,0.051459437580413846,0.0004997501249375312,26,8,9.0,9,0.02054718713716452,0.03442262012508665,0.5555555555555556,0.6666666666666666,1.9166193560971405,0.13524317121918722,False
rule_plate_melt,90,468,218,0.4658119658119658,131,87,2,0.6513761467889908,0.02854861007864102,1400.0,2700,0.463302752293578,464.2201834862385,-250.0,-0.003608471379653425,0.0594689342477371,0.04247876061969016,1,7,7.0,7,-0.0024967768503677446,-0.0024967768503677446,0.5714285714285714,0.5714285714285714,1.2048491137449904,0.6229180546302465,False
rule_eight_melt,5,590,278,0.4711864406779661,152,126,70,0.37050359712230213,0.0009821119226564598,0.0,150,0.4892086330935252,25.179856115107913,-50.0,-0.0018340287268074234,0.003793512871345861,0.2478760619690155,5,79,80.0,80,0.0009062306269047307,0.0009897198864341288,0.3625,0.3670886075949367,0.5980562347278836,0.8887408394403731,False
rule_eight_melt,10,586,271,0.46245733788395904,153,118,42,0.4317343173431734,0.0026249571628984662,0.0,300,0.5055350553505535,66.42066420664207,100.0,-0.0025097559933051957,0.008115595651317451,0.1629185407296352,7,45,45.0,45,0.002429975785179252,0.002599396343193904,0.4222222222222222,0.4444444444444444,0.8454126804430191,0.8227848101265823,False
rule_eight_melt,15,576,267,0.4635416666666667,153,114,38,0.5243445692883895,0.006745189397103189,200.0,450,0.5917602996254682,196.44194756554307,250.0,-0.0012015732991580905,0.014854720749198061,0.043478260869565216,7,34,34.0,34,0.003983956500427195,0.003984527800483331,0.5,0.5,1.538731072272173,0.3870752831445703,False
rule_eight_melt,30,550,246,0.44727272727272727,151,95,25,0.6626016260162602,0.021159690162211506,800.0,900,0.5934959349593496,596.7479674796748,800.0,0.01085016634418589,0.03248558368817008,0.0004997501249375312,19,17,17.0,17,0.013838133812395825,0.01413522297628221,0.5294117647058824,0.5294117647058824,2.3123171318426445,0.046635576282478344,False
rule_eight_melt,45,526,242,0.4600760456273764,151,91,14,0.731404958677686,0.029374176022021494,900.0,1350,0.5413223140495868,765.2892561983471,800.0,0.013839783735162576,0.04568986205389335,0.0004997501249375312,19,12,12.0,12,0.02832928854557468,0.030405739356795174,0.6666666666666666,0.75,2.1666353251396884,0.07528314457028648,False
rule_eight_melt,60,503,233,0.46322067594433397,139,94,16,0.6824034334763949,0.0327127025604168,1000.0,1800,0.5450643776824035,862.6609442060086,500.0,0.013920513789899136,0.049144956623504224,0.0004997501249375312,27,8,9.0,9,0.02054718713716452,0.02622389030814294,0.4444444444444444,0.5555555555555556,1.8359414835209673,0.18254497001998668,False
rule_eight_melt,90,468,229,0.4893162393162393,138,91,2,0.6375545851528385,0.02693617458743218,1300.0,2700,0.45414847161572053,398.68995633187774,-300.0,-0.00480917726453991,0.057767495377665935,0.0544727636181909,2,7,7.0,7,-0.0024967768503677446,-0.0024967768503677446,0.5714285714285714,0.5714285714285714,1.136798814021032,0.6748834110592938,False
rule_ten_melt,5,590,270,0.4576271186440678,144,126,71,0.37777777777777777,0.0014508267114846667,0.0,150,0.5074074074074074,47.03703703703704,50.0,-0.0013132909165725838,0.004316676526151356,0.14642678660669664,5,79,80.0,80,0.0009892442726610897,0.0010716958616185336,0.35,0.35443037974683544,0.883479713764424,0.8067954696868754,False
rule_ten_melt,10,586,263,0.44880546075085326,144,119,43,0.4600760456273764,0.003672963075991861,0.0,300,0.5247148288973384,116.73003802281369,100.0,-0.0015553900261924354,0.009350689350486559,0.0864567716141929,8,43,43.5,44,0.003414925003187329,0.0036083479084119954,0.4418604651162791,0.47119450317124734,1.1630582630575512,0.670219853431046,False
rule_ten_melt,15,576,258,0.4479166666666667,144,114,38,0.5503875968992248,0.00846410541342155,200.0,450,0.6201550387596899,275.1937984496124,350.0,0.0007750704300184441,0.01637043402614824,0.013993003498250875,10,34,34.0,34,0.009227646702782437,0.009302780332891633,0.6176470588235294,0.6176470588235294,1.930854899969476,0.12991339107261826,False
rule_ten_melt,30,550,238,0.43272727272727274,145,93,24,0.6764705882352942,0.022613642502141228,900.0,900,0.6092436974789915,657.9831932773109,800.0,0.012143169107642746,0.032532757825286945,0.0004997501249375312,19,17,17.0,17,0.020379553186855748,0.020676642350742135,0.7058823529411765,0.7058823529411765,2.471204094682313,0.030646235842771485,False
rule_ten_melt,45,526,232,0.44106463878326996,142,90,14,0.7586206896551724,0.03266067983401219,900.0,1350,0.5603448275862069,918.9655172413793,950.0,0.017429634926566944,0.05003360791695238,0.0004997501249375312,19,12,12.0,12,0.02210736105154741,0.032786054802316784,0.6666666666666666,0.75,2.4090474101604564,0.038640906062624915,False
rule_ten_melt,60,503,224,0.44532803180914515,132,92,17,0.7008928571428571,0.03549731373892246,1050.0,1800,0.5580357142857143,990.1785714285714,650.0,0.01810214915537814,0.05225635115487167,0.0004997501249375312,27,8,9.0,9,0.014296761179234582,0.025487406846956304,0.4444444444444444,0.5555555555555556,1.9922227680969742,0.1252498334443704,False
rule_ten_melt,90,468,219,0.46794871794871795,132,87,2,0.6575342465753424,0.02844354586225666,1400.0,2700,0.4611872146118721,451.5981735159817,-300.0,-0.002842921133378169,0.059939124628566896,0.03798100949525238,1,7,7.0,7,-0.0024967768503677446,-0.0024967768503677446,0.5714285714285714,0.5714285714285714,1.2004150440075034,0.6262491672218521,False
rule_scrap_ingot,5,590,242,0.4101694915254237,119,123,49,0.34710743801652894,-0.0012290773391048302,0.0,150,0.4049586776859504,-44.62809917355372,-150.0,-0.0044098843799064225,0.002027453940660808,0.7586206896551724,3,69,70.0,70,-0.0015281255135355131,-0.0015132537122085384,0.32857142857142857,0.32857142857142857,-0.7001067694796167,1.0,False
rule_scrap_ingot,10,586,236,0.40273037542662116,118,118,30,0.3855932203389831,-0.0006748491654687624,0.0,300,0.3983050847457627,-26.271186440677965,-100.0,-0.0063012134600874195,0.005511707311884981,0.6106946526736632,6,43,43.0,43,-0.0018623779408205217,-0.00162270160740017,0.4186046511627907,0.4186046511627907,-0.21246197935276534,1.0,False
rule_scrap_ingot,15,576,228,0.3958333333333333,116,112,29,0.4473684210526316,0.0010389604294402243,0.0,450,0.4824561403508772,31.57894736842105,-50.0,-0.007439894417571345,0.01070052855269697,0.42628685657171417,4,30,30.0,30,-0.003409520921820556,-0.003409520921820556,0.3333333333333333,0.3333333333333333,0.22263259629059368,0.960692871419054,False
rule_scrap_ingot,30,550,213,0.38727272727272727,113,100,22,0.49765258215962443,0.006239793249484704,0.0,900,0.45539906103286387,173.70892018779344,-200.0,-0.007892381333664529,0.02107715013091069,0.19990004997501248,11,17,17.0,18,0.00989593737261122,0.010478051335705998,0.6111111111111112,0.6470588235294118,0.6818805341349848,0.8814123917388408,False
rule_scrap_ingot,45,526,201,0.3821292775665399,113,88,11,0.527363184079602,0.01099045382157776,200.0,1350,0.48258706467661694,231.59203980099502,-150.0,-0.006139573301813954,0.02627692769728186,0.10444777611194403,22,10,10.0,10,0.0013282758390830464,0.002071693378605929,0.6,0.6,0.7400228493690046,0.8614257161892072,False
rule_scrap_ingot,60,503,203,0.40357852882703776,111,92,5,0.5270935960591133,0.015545154823532378,300.0,1800,0.5369458128078818,405.9113300492611,200.0,-0.007043332102000779,0.03505257724655767,0.09895052473763119,22,8,9.0,9,0.00295969330178773,0.007771330529401864,0.3333333333333333,0.4444444444444444,0.8724438023904902,0.8141239173884077,False
rule_scrap_ingot,90,468,196,0.4188034188034188,113,83,3,0.7244897959183674,0.040863565977601254,2000.0,2700,0.6275510204081632,1107.6530612244899,1200.0,0.011610652333006287,0.06965542757189255,0.0004997501249375312,26,5,6.0,6,0.007273505283223402,0.0408562970113059,0.3333333333333333,0.6666666666666666,1.5966530744908192,0.3397734843437708,False
rule_local_momentum,5,590,424,0.7186440677966102,205,219,86,0.4481132075471698,0.0016126823516189135,0.0,150,0.5495283018867925,63.679245283018865,150.0,-0.0008153680920909792,0.003958679334523336,0.09845077461269365,4,115,115.5,116,0.0022660789944542094,0.002330637170042176,0.47413793103448276,0.4761994002998501,1.1799833269770856,0.6489007328447701,False
rule_local_momentum,10,586,414,0.7064846416382252,198,216,46,0.5169082125603864,0.0034134724307881693,100.0,300,0.5531400966183575,139.85507246376812,200.0,-0.00044718717975058376,0.007494106153547983,0.04697651174412794,8,62,62.0,63,0.004784753627744672,0.0048484808656569555,0.5555555555555556,0.5645161290322581,1.2904242758700282,0.5689540306462358,False
rule_local_momentum,15,576,403,0.6996527777777778,188,215,44,0.5235732009925558,0.005486606125788303,100.0,450,0.6054590570719603,236.60049627791562,250.0,-0.00031617116322637444,0.011410334894999302,0.034482758620689655,10,45,45.0,45,0.0046028410466537285,0.004942991075945172,0.5111111111111111,0.5111111111111111,1.4399226311031568,0.4596935376415723,False
rule_local_momentum,30,550,386,0.7018181818181818,173,213,32,0.5906735751295337,0.011541545909028837,300.0,900,0.5984455958549223,526.6839378238342,800.0,0.0012233512610281695,0.02135112911681091,0.015992003998001,10,23,23.0,23,0.007919714378225738,0.00846799731700529,0.4782608695652174,0.5217391304347826,1.4670385748245272,0.4463690872751499,False
rule_local_momentum,45,526,358,0.6806083650190115,173,185,12,0.5670391061452514,0.012567548719208194,400.0,1350,0.5810055865921788,506.98324022346367,800.0,0.001949316025304371,0.022753202975683524,0.010994502748625687,12,15,15.0,15,0.00936205813675563,0.010205315958726823,0.4666666666666667,0.5333333333333333,1.0363959582378905,0.7181878747501665,False
rule_local_momentum,60,503,343,0.6819085487077535,168,175,14,0.5568513119533528,0.009658790889048476,400.0,1800,0.5451895043731778,390.3790087463557,600.0,-0.003969000065180635,0.02433433899797183,0.08745627186406797,10,11,11.0,11,0.013010951002747483,0.013818395276046284,0.45454545454545453,0.45454545454545453,0.5992944582181396,0.8887408394403731,False
rule_local_momentum,90,468,325,0.6944444444444444,172,153,6,0.5323076923076923,0.0033145829491736355,200.0,2700,0.5784615384615385,-22.76923076923077,800.0,-0.017773545415287657,0.026365252440983686,0.4017991004497751,3,8,8.0,8,0.009936190444750598,0.010577217490615534,0.375,0.375,0.14954522791935315,0.9700199866755497,False
rule_value_momentum,5,590,134,0.2271186440677966,69,65,26,0.41044776119402987,0.0013921371269080107,0.0,150,0.4552238805970149,47.014925373134325,-50.0,-0.003111790136672355,0.005627268803621497,0.2593703148425787,3,40,41.0,41,0.0011374105444833778,0.0011997100519247617,0.4146341463414634,0.4146341463414634,0.6068900113637463,0.8887408394403731,False
rule_value_momentum,10,586,133,0.22696245733788395,69,64,14,0.47368421052631576,0.003385686536613517,0.0,300,0.43609022556390975,113.53383458646617,-100.0,-0.003530313775527691,0.01111525005754643,0.17541229385307347,6,27,27.0,27,0.002495356460466557,0.002877063213691562,0.4444444444444444,0.4444444444444444,0.8446346792102052,0.8227848101265823,False
rule_value_momentum,15,576,130,0.22569444444444445,67,63,12,0.5615384615384615,0.006315741509165081,100.0,450,0.5769230769230769,220.76923076923077,50.0,-0.0036842535791500423,0.015611780734594932,0.11394302848575712,4,22,22.0,22,0.004374110002075659,0.004374110002075659,0.5,0.5,1.158950277702936,0.670219853431046,False
rule_value_momentum,30,550,124,0.22545454545454546,63,61,13,0.6129032258064516,0.018690618483143535,1000.0,900,0.5887096774193549,684.6774193548387,550.0,0.007270011041564131,0.03274568120368933,0.0004997501249375312,12,13,13.0,13,0.007661609112293346,0.008641534172095634,0.5384615384615384,0.5384615384615384,1.7861132033384843,0.21052631578947367,False
rule_value_momentum,45,526,112,0.21292775665399238,63,49,2,0.625,0.024045915161997593,1400.0,1350,0.5535714285714286,713.3928571428571,350.0,0.006364797033473046,0.0402215831164346,0.0029985007496251873,12,9,9.0,9,0.008873981477918257,0.009452686489822507,0.5555555555555556,0.5555555555555556,1.5360030174636312,0.391072618254497,False
rule_value_momentum,60,503,115,0.2286282306163022,61,54,2,0.6695652173913044,0.03131726755529273,1200.0,1800,0.6086956521739131,1051.304347826087,500.0,0.007589356025753845,0.055111762056253524,0.0004997501249375312,12,7,7.0,7,0.061884000861640205,0.06189732149597847,0.8571428571428571,0.8571428571428571,1.550079733167083,0.3804130579613591,False
rule_value_momentum,90,468,110,0.23504273504273504,63,47,2,0.7818181818181819,0.046713210757298625,2250.0,2700,0.7090909090909091,1363.6363636363637,1700.0,0.027774264484804922,0.06571533950474823,0.0004997501249375312,22,5,5.0,5,-0.003054242940679114,0.0027140291922375494,0.4,0.4,1.6661856682971679,0.28980679546968685,False
rule_turkey_momentum,5,590,570,0.9661016949152542,323,247,120,0.443859649122807,0.0016504728230464008,0.0,150,0.5631578947368421,40.526315789473685,150.0,-0.0003609796308092177,0.003701950073142002,0.05697151424287856,4,138,138.5,139,0.0015329761987777852,0.0017387612730485988,0.43884892086330934,0.4492753623188406,1.3224196982472793,0.5556295802798135,False
rule_turkey_momentum,10,586,566,0.9658703071672355,324,242,73,0.48056537102473496,0.002251636744243648,0.0,300,0.5159010600706714,36.57243816254417,100.0,-0.0014620187950992508,0.005823357750100409,0.11644177911044477,2,73,73.0,73,-0.0008893326516542639,-0.0008728481308969699,0.4383561643835616,0.4383561643835616,0.9236342682278493,0.770819453697535,False
rule_turkey_momentum,15,576,556,0.9652777777777778,322,234,69,0.4712230215827338,0.0018109393747724064,0.0,450,0.5161870503597122,-11.510791366906474,50.0,-0.003418159846600936,0.007250709035957915,0.2613693153423288,4,48,48.5,49,0.0007306219710737741,0.0012498095348961518,0.4489795918367347,0.4640731292517007,0.4934053991155396,0.90473017988008,False
rule_turkey_momentum,30,550,532,0.9672727272727273,316,216,53,0.4830827067669173,0.004344309522396072,0.0,900,0.47368421052631576,-24.81203007518797,-100.0,-0.005262672230201207,0.014870658088358957,0.19290354822588707,17,24,24.0,25,0.004593767502707775,0.007268913202541513,0.44,0.5,0.564079105682503,0.893404397068621,False
rule_turkey_momentum,45,526,508,0.9657794676806084,304,204,32,0.5570866141732284,0.008260683419976184,300.0,1350,0.47244094488188976,22.244094488188978,-250.0,-0.007684201071655453,0.022174518865352523,0.1424287856071964,27,15,15.0,16,-0.002266697974210619,0.0015446156839903301,0.5333333333333333,0.5333333333333333,0.6812258380714253,0.8814123917388408,False
rule_turkey_momentum,60,503,485,0.9642147117296223,285,200,25,0.6082474226804123,0.013936759229731375,600.0,1800,0.5051546391752577,185.36082474226805,100.0,-0.0064619043498710315,0.031480500615569236,0.08845577211394302,25,12,12.0,12,-0.001787751079182036,0.0020949469882941382,0.4166666666666667,0.4166666666666667,0.9031784686331047,0.7834776815456362,False
rule_turkey_momentum,90,468,450,0.9615384615384616,263,187,11,0.5888888888888889,0.01294792179322857,750.0,2700,0.5244444444444445,7.111111111111111,300.0,-0.014028119423157702,0.04287179002948363,0.18290854572713644,2,9,9.0,9,-0.03265006637554691,-0.03251635859607108,0.2222222222222222,0.2222222222222222,0.6196122506642816,0.8887408394403731,False
