lookback,threshold,horizon,called_n,called_hit,called_mean_signed,episode_n,episode_hit,episode_binom_p,episode_mean_signed,greedy_n,greedy_hits,greedy_hit,greedy_binom_p,greedy_mean_signed,greedy_median_signed,mbb_block,mbb_ci_low,mbb_ci_high,phase_count,phase_n_min,phase_n_median,phase_hit_min,phase_hit_median,phase_mean_min,phase_mean_median,post_n,post_hit,post_mean_signed,half1_n,half1_hit,half1_mean_signed,half2_n,half2_hit,half2_mean_signed,third1_n,third1_hit,third1_mean_signed,third2_n,third2_hit,third2_mean_signed,third3_n,third3_hit,third3_mean_signed,greedy_holm_p,episode_holm_p,max_shift_p
40,0.75,5,160,0.4375,0.0017578465079167247,26,0.38461538461538464,0.9156812280416489,-0.000575744167183734,47,20,0.425531914893617,0.8785198913583372,0.00018768627064057075,0.0,5,-0.0015609105243443197,0.005533078075915638,4,46,46.0,0.41304347826086957,0.4192876965772433,0.00018768627064057075,0.0003021175598253788,39,0.41025641025641024,-3.765362852069963e-05,17,0.4117647058823529,0.0016458398335117619,30,0.43333333333333335,-0.0006386007483197708,8,0.5,0.0012862182790517643,24,0.4166666666666667,0.0016000938626000224,15,0.4,-0.002658049614313854,1.0,1.0,0.9703432189270244
40,0.75,10,152,0.46710526315789475,0.002739154262590219,25,0.6,0.21217811107635498,0.0020260884606748634,26,13,0.5,0.577490508556366,0.0028264685757883787,0.0012771399025483712,10,-0.0023870807422693902,0.008214448030900347,8,25,25.0,0.48,0.52,0.0028264685757883787,0.003040402247890469,22,0.5,0.0031084605039364732,9,0.5555555555555556,0.0025323980912423747,17,0.47058823529411764,0.002982152949959793,4,0.5,0.0012755129709738624,14,0.5714285714285714,0.005207003209176407,9,0.4444444444444444,0.0034295472488648604,1.0,1.0,0.7137620793068977
40,0.75,15,145,0.5172413793103449,0.005479868120926225,24,0.5833333333333334,0.27062809467315674,0.005306159797109273,19,10,0.5263157894736842,0.5,0.004901863502943835,0.0025477720787986644,15,-0.0013928649013519895,0.012805972318139182,12,18,18.0,0.5,0.5,0.004458457425498545,0.004599822297950902,16,0.5,0.004697697759468909,7,0.5714285714285714,0.01163546363442612,13,0.5384615384615384,0.0028367238418083476,3,0.6666666666666666,0.005990747468143435,10,0.5,0.010314197508441158,7,0.5714285714285714,0.0029730504623604304,1.0,1.0,0.6197934021992669
40,0.75,30,117,0.8034188034188035,0.021956326604209646,18,0.7222222222222222,0.048126220703125,0.024512162957337037,10,8,0.8,0.0546875,0.021632781955806375,0.017076467567647084,30,0.0111169314994253,0.03393923427709118,16,10,10.0,0.8,0.8,0.021632781955806375,0.02214136846908788,9,0.7777777777777778,0.023753338608807236,3,0.6666666666666666,0.009396734230712111,7,0.8571428571428571,0.02687680240941821,1,1.0,0.0025477720787986644,6,0.6666666666666666,0.0152359478680673,3,1.0,0.039750755217766165,1.0,1.0,0.161946017994002
40,0.75,45,102,0.8333333333333334,0.0372454884417327,18,0.7777777777777778,0.01544189453125,0.035643694405869335,8,7,0.875,0.03515625,0.03452315918175919,0.02913382896470714,45,0.021768465203837246,0.05428889531659326,4,8,8.0,0.875,0.875,0.03452315918175919,0.03515767831074178,7,0.8571428571428571,0.036887575864234745,2,1.0,0.02180733650888402,6,0.8333333333333334,0.03876176673938425,1,1.0,0.017972242404430367,4,0.75,0.026383648139581203,3,1.0,0.05265183186405408,1.0,0.8956298828125,0.04165278240586471
40,0.75,60,96,0.7708333333333334,0.04083984447616901,14,0.7142857142857143,0.08978271484375,0.03288279575717978,6,5,0.8333333333333334,0.109375,0.03603042028676488,0.030410968867255507,60,0.01542450996633067,0.06675781646935428,23,6,6.0,0.6666666666666666,0.8333333333333334,0.027589798150305735,0.034327426905480546,6,0.8333333333333334,0.03603042028676488,1,1.0,0.02564243061333767,5,0.8,0.038108018221450324,0,,,2,1.0,0.051301735874732995,4,0.75,0.028394762492780827,1.0,1.0,0.21559480173275575
40,0.75,90,96,0.7083333333333334,0.036046102139246715,13,0.6923076923076923,0.1334228515625,0.03016980403607689,4,2,0.5,0.6875,0.015954474725952298,0.023198100844110295,90,0.023294330284130853,0.048382752508971796,23,4,4.0,0.5,0.5,0.003195847721598772,0.012020509538318739,4,0.5,0.015954474725952298,2,0.5,0.04445702555930012,2,0.5,-0.012548076107395518,1,0.0,-0.015075662405447396,2,1.0,0.08273078880885781,2,0.5,0.009250455826151,1.0,1.0,
40,1.0,5,133,0.45112781954887216,0.0020630404075013225,23,0.43478260869565216,0.7975635528564453,-0.0013729190790086826,40,16,0.4,0.923070027918584,-0.0001120864251745254,0.0,5,-0.0016860804153441314,0.006243588305175068,4,39,39.5,0.4,0.41794871794871796,-0.00011496043607643746,-0.0001120864251745254,33,0.3939393939393939,-0.0006014956445835072,13,0.46153846153846156,0.002733838733017117,27,0.37037037037037035,-0.0014823466865260574,7,0.42857142857142855,0.0021951284663249597,19,0.42105263157894735,0.0016201577829602386,14,0.35714285714285715,-0.0036165967248214482,1.0,1.0,0.9780073308897035
40,1.0,10,126,0.46825396825396826,0.003009136036830481,21,0.5714285714285714,0.33181190490722656,0.004275869707008154,22,11,0.5,0.5840940475463867,0.002374524376431504,0.0012674278015940331,10,-0.0025259743574821527,0.009522376796417866,9,21,22.0,0.45454545454545453,0.47619047619047616,0.002259303667195682,0.002374524376431504,19,0.47368421052631576,0.0023481900616228297,7,0.5714285714285714,0.005459551554836171,15,0.4666666666666667,0.0009348450265093251,3,0.6666666666666666,0.0025413083702197736,11,0.5454545454545454,0.0044661386375182775,9,0.4444444444444444,0.0034295472488648604,1.0,1.0,0.7744085304898367
40,1.0,15,120,0.475,0.004652968531416133,20,0.6,0.2517223358154297,0.0049193905750272325,18,11,0.6111111111111112,0.2403411865234375,0.005964571506249392,0.005183063304157538,15,-0.0021809654979955562,0.012227192558165142,13,17,18.0,0.5294117647058824,0.5555555555555556,0.005823746194961164,0.005964571506249392,16,0.5625,0.006233647625114356,6,0.6666666666666666,0.011849988024535317,12,0.5833333333333334,0.00302186324710643,2,1.0,0.0038119625553296797,9,0.5555555555555556,0.007836709943961184,7,0.5714285714285714,0.004496874434388323,1.0,1.0,0.5534821726091302
40,1.0,30,96,0.7916666666666666,0.020494255212502522,16,0.75,0.0384063720703125,0.026529247701986863,10,8,0.8,0.0546875,0.021880993741287783,0.016487017618130474,30,0.0115470027677993,0.030209469984809577,15,10,10.0,0.8,0.8,0.021627508180968976,0.02188293616147865,9,0.7777777777777778,0.023465112478024276,3,0.6666666666666666,0.010224106848983462,7,0.8571428571428571,0.02687680240941821,1,1.0,0.007623925110659371,6,0.6666666666666666,0.014803608671892858,3,1.0,0.0396730519261786,1.0,1.0,0.15494835054981673
40,1.0,45,82,0.8292682926829268,0.036430896878799385,16,0.8125,0.0106353759765625,0.037889851457209564,7,6,0.8571428571428571,0.0625,0.0328027611813365,0.030850775720475933,45,0.02282743097013665,0.05030294204283259,3,7,7.0,0.8571428571428571,0.8571428571428571,0.0328027611813365,0.0328027611813365,6,0.8333333333333334,0.03442848880551075,2,1.0,0.026949585578383475,5,0.8,0.03514403142251771,1,1.0,0.023048395436291017,3,0.6666666666666666,0.013126150485830672,3,1.0,0.05265183186405408,1.0,0.6487579345703125,0.08597134288570477
40,1.0,60,76,0.8026315789473685,0.040553709735276555,13,0.7692307692307693,0.046142578125,0.03614815869609172,6,5,0.8333333333333334,0.109375,0.03559808109059044,0.02911395127873218,60,0.02053357006653271,0.060573139523345546,16,6,6.0,0.6666666666666666,0.8333333333333334,0.027589798150305735,0.03517506833793539,6,0.8333333333333334,0.03559808109059044,1,1.0,0.023048395436291017,5,0.8,0.038108018221450324,0,,,2,1.0,0.05000471828620967,4,0.75,0.028394762492780827,1.0,1.0,0.22759080306564478
40,1.0,90,76,0.6842105263157895,0.03409990296760693,12,0.75,0.072998046875,0.03485405246695785,4,2,0.5,0.6875,0.012789069821241162,0.01947137551681994,90,0.03409990296760692,0.03409990296760693,18,3,4.0,0.5,0.5,0.003195847721598772,0.010751463105316482,4,0.5,0.012789069821241162,2,0.5,0.038126215749877845,2,0.5,-0.012548076107395518,1,0.0,-0.022529113060028104,2,1.0,0.08273078880885781,2,0.5,0.009250455826151,1.0,1.0,
40,1.25,5,117,0.4700854700854701,0.002509301742675967,27,0.5185185185185185,0.5,-0.0006275750005105703,38,17,0.4473684210526316,0.7911539045817335,0.00016111967650854695,0.0,5,-0.0013000567860442843,0.006945378785920653,4,38,38.0,0.4473684210526316,0.4473684210526316,2.8211366348847574e-05,0.00016111967650854695,32,0.40625,-0.0004466833544693273,12,0.5833333333333334,0.0033825349429409215,26,0.38461538461538464,-0.001325687369537165,6,0.6666666666666666,0.003402735841723875,18,0.4444444444444444,0.002611403033815388,14,0.35714285714285715,-0.004378508710835389,1.0,1.0,0.9730089970009996
40,1.25,10,111,0.4594594594594595,0.0027840224025522625,25,0.64,0.11476147174835205,0.005676899349778365,21,11,0.5238095238095238,0.5,0.002223617197994869,0.0025348556031880663,10,-0.002177705833070431,0.009197317998712139,9,20,20.0,0.5,0.5,0.002208055277735209,0.0022236171979948716,18,0.5,0.0021706686692907176,7,0.5714285714285714,0.005459551554836171,14,0.5,0.0006056500195742184,3,0.6666666666666666,0.0025413083702197736,10,0.6,0.005176953447553962,9,0.4444444444444444,0.0025200378503715936,1.0,1.0,0.8353882039320226
40,1.25,15,105,0.44761904761904764,0.0043218397380333055,24,0.5833333333333334,0.27062809467315674,0.006619477284465397,17,10,0.5882352941176471,0.3145294189453125,0.006098896348144249,0.005277057100843781,15,-0.002302698856666372,0.01110823423862121,12,16,17.0,0.5294117647058824,0.5294117647058824,0.005503588878000448,0.005751515380786552,15,0.5333333333333333,0.005898129427902424,6,0.6666666666666666,0.013114216589411407,11,0.5454545454545454,0.0022723580347258025,2,1.0,0.007604648249957945,9,0.5555555555555556,0.011753776060805573,7,0.5714285714285714,0.004534873408640057,1.0,1.0,0.56647784071976
40,1.25,30,82,0.7926829268292683,0.019112593710551386,20,0.75,0.020694732666015625,0.02845623218894027,10,8,0.8,0.0546875,0.021880993741287783,0.016487017618130474,30,0.01318977805312133,0.025207797965384818,12,10,10.0,0.8,0.8,0.021627508180968976,0.021880993741287783,9,0.7777777777777778,0.023465112478024276,3,0.6666666666666666,0.010224106848983462,7,0.8571428571428571,0.02687680240941821,1,1.0,0.007623925110659371,6,0.6666666666666666,0.014803608671892858,3,1.0,0.040788120090287094,1.0,1.0,0.15494835054981673
40,1.25,45,71,0.8450704225352113,0.03262361530030904,19,0.7894736842105263,0.00960540771484375,0.03968850078236401,7,6,0.8571428571428571,0.0625,0.03401806531208461,0.030850775720475933,45,0.023014052045863806,0.042219799617100214,3,7,7.0,0.8571428571428571,0.8571428571428571,0.03401806531208461,0.03401806531208461,6,0.8333333333333334,0.03584634362471687,2,1.0,0.026949585578383475,5,0.8,0.036845457205565056,1,1.0,0.023048395436291017,3,0.6666666666666666,0.013126150485830672,3,1.0,0.05265183186405408,1.0,0.5955352783203125,0.09963345551482838
40,1.25,60,66,0.803030303030303,0.037583941846177325,16,0.75,0.0384063720703125,0.03647710495769864,6,5,0.8333333333333334,0.109375,0.03559808109059044,0.02911395127873218,60,0.027677287091814398,0.04786341115044555,16,6,6.0,0.6666666666666666,0.8333333333333334,0.027589798150305735,0.03517506833793539,6,0.8333333333333334,0.03559808109059044,1,1.0,0.023048395436291017,5,0.8,0.038108018221450324,0,,,2,1.0,0.05000471828620967,4,0.75,0.028394762492780827,1.0,1.0,0.22759080306564478
40,1.25,90,65,0.6461538461538462,0.029670619740782257,15,0.7333333333333333,0.059234619140625,0.027945222498334872,4,2,0.5,0.6875,0.012789069821241162,0.01947137551681994,90,0.029670619740782254,0.02967061974078226,18,3,4.0,0.5,0.5,0.003195847721598772,0.010751463105316482,4,0.5,0.012789069821241162,2,0.5,0.038126215749877845,2,0.5,-0.012548076107395518,1,0.0,-0.022529113060028104,2,1.0,0.08273078880885781,2,0.5,0.006618870804013709,1.0,1.0,
60,0.75,5,148,0.4527027027027027,0.0025444903399962555,20,0.4,0.8684120178222656,-0.0023250605065016023,43,20,0.46511627906976744,0.728807994071758,0.0009648559674510157,0.0,5,-0.0011668331779377472,0.006639615686495627,4,42,42.5,0.4418604651162791,0.4706533776301218,0.0009648559674510157,0.0010359942655881627,38,0.4473684210526316,0.0006191985940101951,12,0.5,0.0038400005546509078,31,0.45161290322580644,-0.0001481032275941041,5,0.6,0.0035918520056012495,22,0.45454545454545453,0.0024576855657665593,16,0.4375,-0.0019087209921548045,1.0,1.0,0.8770409863378874
60,0.75,10,138,0.5217391304347826,0.004499454705316146,19,0.47368421052631576,0.6761970520019531,0.0014033362483904228,24,13,0.5416666666666666,0.4194098711013794,0.0045770823564261496,0.005089069507471293,10,-0.0011396317862977401,0.01079008307859942,8,23,24.0,0.5416666666666666,0.5833333333333334,0.0045770823564261496,0.004894348743981109,22,0.5454545454545454,0.004761859411216196,7,0.5714285714285714,0.006899307785368369,17,0.5294117647058824,0.003620871885685235,2,0.5,0.0025445347537356466,14,0.6428571428571429,0.007805201492044542,9,0.4444444444444444,0.0034295472488648604,1.0,1.0,0.4995001666111296
60,0.75,15,130,0.6,0.008893301986406818,18,0.5,0.5927352905273438,0.00021203283847746505,18,11,0.6111111111111112,0.2403411865234375,0.005070934420285858,0.006643890423461377,15,0.00143477161817641,0.017223210874824216,13,17,17.0,0.5882352941176471,0.5882352941176471,0.004313569131605195,0.004614457406121106,16,0.5625,0.004422704983252658,6,0.8333333333333334,0.011026106192185005,12,0.5,0.0020933485343362854,2,1.0,0.010256769916551466,10,0.6,0.008807532286075632,7,0.5714285714285714,0.004496874434388323,1.0,1.0,0.6107964011996001
60,0.75,30,99,0.8484848484848485,0.030613487751414786,14,0.7857142857142857,0.0286865234375,0.018088516970123033,10,9,0.9,0.0107421875,0.022411226232316176,0.016626282805266308,30,0.018912350985890215,0.04524544268384673,2,10,10.0,0.9,0.9,0.022411226232316176,0.02253796901247558,9,0.8888888888888888,0.022622080276673208,3,1.0,0.014520645089797944,7,0.8571428571428571,0.02579290386482399,1,1.0,0.020513539833102903,6,0.8333333333333334,0.013539060369866256,3,1.0,0.035335679634425944,0.6767578125,1.0,0.10863045651449517
60,0.75,45,92,0.8478260869565217,0.043308000298454156,13,0.6923076923076923,0.1334228515625,0.022974417942551204,6,5,0.8333333333333334,0.109375,0.03373360128699537,0.03556246989833037,45,0.023870568938104388,0.06344902371591382,23,6,6.0,0.6666666666666666,0.8333333333333334,0.024367053023664532,0.03286779847414469,6,0.8333333333333334,0.03373360128699537,1,1.0,0.02824321231339505,5,0.8,0.03483167908171543,0,,,3,0.6666666666666666,0.01657438974355126,3,1.0,0.05265183186405408,1.0,1.0,0.09363545484838387
60,0.75,60,90,0.7555555555555555,0.04285891685344625,11,0.6363636363636364,0.2744140625,0.015505859732597278,6,5,0.8333333333333334,0.109375,0.03421705458878896,0.02911395127873218,60,0.014710346505485384,0.07118241946407602,23,6,6.0,0.6666666666666666,0.8333333333333334,0.02475442805316254,0.031221680854717233,6,0.8333333333333334,0.03421705458878896,1,1.0,0.023048395436291017,6,0.6666666666666666,0.024782138863213354,0,,,2,1.0,0.04876862371351511,4,0.75,0.02694127002642588,1.0,1.0,0.22059313562145952
60,0.75,90,90,0.7111111111111111,0.0353543783709044,10,0.6,0.376953125,0.01864869018300102,4,2,0.5,0.6875,0.005722947331179076,0.006681988486729665,90,0.035354378370904396,0.03535437837090441,24,3,4.0,0.5,0.5,0.003195847721598772,0.00997224279231876,4,0.5,0.005722947331179076,2,0.5,0.006681988486729665,2,0.5,-0.012548076107395518,1,0.0,-0.017566323717899283,2,1.0,0.08012670432672589,2,0.5,0.009250455826151,1.0,1.0,
60,1.0,5,130,0.4461538461538462,0.0028641775180127454,21,0.3333333333333333,0.9608230590820312,-0.0001621010144110621,38,17,0.4473684210526316,0.7911539045817335,0.001419860836792706,0.0,5,-0.0009195487342431528,0.007190936375080707,4,37,37.5,0.42105263157894735,0.45341394025604553,0.001419860836792706,0.0015066563140463422,33,0.42424242424242425,0.0012461717617283665,11,0.45454545454545453,0.0025498532229985037,27,0.4444444444444444,0.0009594935683384923,5,0.6,0.0025662087322173475,20,0.45,0.0031278433796137007,13,0.38461538461538464,-0.0016487076504029172,1.0,1.0,0.8077307564145285
60,1.0,10,122,0.5163934426229508,0.004739842787695767,20,0.65,0.13158798217773438,0.006457480945458666,23,13,0.5652173913043478,0.3388197422027588,0.005916638117486701,0.005089069507471293,10,-0.0006302811989005213,0.01100968119675278,8,22,23.0,0.5652173913043478,0.6086956521739131,0.005916638117486701,0.006271534365488645,21,0.5714285714285714,0.006237790818796328,6,0.5,0.005465161326935564,17,0.5882352941176471,0.0060759828670929866,2,0.5,0.0025445347537356466,13,0.6153846153846154,0.007621052814027034,9,0.5555555555555556,0.007477528854891385,1.0,1.0,0.3615461512829057
60,1.0,15,115,0.5826086956521739,0.00855782405345362,19,0.6842105263157895,0.08353424072265625,0.00962020216878125,17,11,0.6470588235294118,0.1661529541015625,0.007629489713833998,0.008010723746078972,15,0.0009420287307071343,0.017275688443875586,11,16,16.0,0.625,0.625,0.0073007319007959,0.007304392592130708,15,0.6,0.007279185686805001,5,0.8,0.010650646463440437,12,0.5833333333333334,0.006370674401497981,2,1.0,0.010256769916551466,9,0.5555555555555556,0.008352435336094276,7,0.7142857142857143,0.011829433063808374,1.0,1.0,0.4011996001332889
60,1.0,30,87,0.8505747126436781,0.030610368377260024,14,0.8571428571428571,0.0064697265625,0.036490549582830115,9,8,0.8888888888888888,0.01953125,0.028366240833558962,0.024227295335324237,30,0.01960669653415455,0.043884601419450754,2,9,9.0,0.8888888888888888,0.8888888888888888,0.028366240833558962,0.02850706614484719,8,0.875,0.02934782845861597,2,1.0,0.016626282805266308,7,0.8571428571428571,0.031720514555928295,1,1.0,0.020513539833102903,5,0.8,0.014184998512067268,3,1.0,0.05358184683034287,1.0,0.4075927734375,0.07130956347884039
60,1.0,45,82,0.8902439024390244,0.045668079306334985,13,0.8461538461538461,0.01123046875,0.04500162909634616,6,5,0.8333333333333334,0.109375,0.041995031925711496,0.03691036040485715,45,0.026289488919344225,0.06510942847497965,19,6,6.0,0.8333333333333334,0.8333333333333334,0.0381338553787891,0.04112922911286082,6,0.8333333333333334,0.041995031925711496,1,1.0,0.02824321231339505,5,0.8,0.04474539584817479,0,,,3,0.6666666666666666,0.01657438974355126,3,1.0,0.06917469314148635,1.0,0.66259765625,0.07864045318227257
60,1.0,60,80,0.775,0.045322294554542994,11,0.7272727272727273,0.11328125,0.03877236246622817,5,4,0.8,0.1875,0.03402456408231208,0.023048395436291017,60,0.020068980684938204,0.06954655909334595,19,5,5.0,0.6,0.8,0.02441462455397044,0.0314505259782051,5,0.8,0.03402456408231208,1,1.0,0.023048395436291017,4,0.75,0.036768606243817344,0,,,2,1.0,0.04876862371351511,3,0.6666666666666666,0.02419519099484339,1.0,1.0,0.3772075974675108
60,1.0,90,81,0.7160493827160493,0.03475901078792784,11,0.7272727272727273,0.11328125,0.03208079706915239,4,2,0.5,0.6875,0.005722947331179076,0.006681988486729665,90,0.03475901078792783,0.03475901078792784,20,3,4.0,0.5,0.5,0.003195847721598772,0.009482416672314226,4,0.5,0.005722947331179076,2,0.5,0.006681988486729665,2,0.5,-0.012548076107395518,1,0.0,-0.017566323717899283,2,1.0,0.08012670432672589,2,0.5,0.009250455826151,1.0,1.0,
60,1.25,5,101,0.45544554455445546,0.0030400029305010104,23,0.391304347826087,0.8949801921844482,-0.0012886401693121081,32,14,0.4375,0.8114572062622756,0.0006869000432567551,0.0,5,-0.0007893854687625114,0.007583079407435607,1,32,32.0,0.4375,0.4375,0.0006869000432567551,0.0006869000432567551,28,0.39285714285714285,0.0003267770615403368,8,0.5,0.0031962586798145566,24,0.4166666666666667,-0.0001495528355958454,4,0.75,0.0032077609152716844,16,0.4375,0.0037829644005291,12,0.3333333333333333,-0.0042814727237780155,1.0,1.0,0.94701766077974
60,1.25,10,94,0.4787234042553192,0.0037743208928417054,21,0.5238095238095238,0.5,0.004602564811737269,19,9,0.47368421052631576,0.6761970520019531,0.0017530405019222416,0.0,10,-0.001330789349826337,0.009658886664135398,5,18,18.0,0.47368421052631576,0.5,0.0017530405019222416,0.001991256952206149,17,0.47058823529411764,0.001659923531120664,5,0.4,0.00459389895706394,14,0.5,0.0007384481965144919,2,0.5,0.0025445347537356466,10,0.5,0.0031088109521095293,7,0.42857142857142855,-0.0004099156417205723,1.0,1.0,0.8933688770409863
60,1.25,15,88,0.5,0.005954631967460913,20,0.6,0.2517223358154297,0.00802287514963341,13,8,0.6153846153846154,0.29052734375,0.0029194062423189195,0.005277057100843781,15,-0.0016148962234785516,0.013136211075160787,7,13,13.0,0.6153846153846154,0.6153846153846154,0.0029194062423189195,0.0031158893042494366,12,0.5833333333333334,0.0027386009702228876,3,0.6666666666666666,0.011979948409315743,10,0.6,0.00020124359221987133,1,1.0,0.005089069507471293,7,0.5714285714285714,0.005415023168510579,6,0.6666666666666666,0.007335701075382467,1.0,1.0,0.8587137620793069
60,1.25,30,66,0.8484848484848485,0.026907239815636124,16,0.8125,0.0106353759765625,0.036387781631163914,7,6,0.8571428571428571,0.0625,0.022051864054397304,0.020513539833102903,30,0.02039781993437227,0.033932480593321206,1,7,7.0,0.8571428571428571,0.8571428571428571,0.022051864054397304,0.022051864054397304,6,0.8333333333333334,0.02230825142461304,2,1.0,0.016626282805266308,5,0.8,0.024222096554049704,1,1.0,0.020513539833102903,4,0.75,0.01351309051438581,3,1.0,0.05488778904445888,1.0,0.6487579345703125,0.1732755748083972
60,1.25,45,63,0.9047619047619048,0.04190771064988687,14,0.7857142857142857,0.0286865234375,0.04286108217682106,6,5,0.8333333333333334,0.109375,0.03872668775947694,0.04190653173410291,45,0.026320372722251673,0.057482333850054274,15,6,6.0,0.8333333333333334,0.8333333333333334,0.034865511212554545,0.03786088494662627,6,0.8333333333333334,0.03872668775947694,1,1.0,0.02824321231339505,5,0.8,0.04082338284869332,0,,,3,0.6666666666666666,0.022331188131332724,3,1.0,0.056881206421235765,1.0,1.0,0.07264245251582806
60,1.25,60,61,0.819672131147541,0.04600483315350217,13,0.6923076923076923,0.1334228515625,0.03783969708459349,5,4,0.8,0.1875,0.030503797383325603,0.023048395436291017,60,0.043812132363825904,0.048187439458485755,15,5,5.0,0.6,0.8,0.021388295684061774,0.028979012361193723,5,0.8,0.030503797383325603,1,1.0,0.023048395436291017,4,0.75,0.03236764787008425,0,,,2,1.0,0.04838298566642929,3,0.6666666666666666,0.01858433852792314,1.0,1.0,0.36587804065311563
60,1.25,90,62,0.6774193548387096,0.031923736997024464,13,0.6923076923076923,0.1334228515625,0.02282610500042009,4,2,0.5,0.6875,0.005722947331179076,0.006681988486729665,90,0.03192373699702445,0.03192373699702447,15,4,4.0,0.5,0.5,0.003195847721598772,0.009482416672314226,4,0.5,0.005722947331179076,2,0.5,0.006681988486729665,2,0.5,-0.012548076107395518,1,0.0,-0.017566323717899283,2,1.0,0.0635130646755373,2,0.5,0.009250455826151,1.0,1.0,
90,0.75,5,101,0.42574257425742573,0.0012756722442684306,15,0.4,0.84912109375,-0.0024826952301161285,29,12,0.41379310344827586,0.867534551769495,0.00027503725267957567,0.0,5,-0.002209202498993866,0.0052399649609438485,4,28,29.0,0.41379310344827586,0.41379310344827586,1.2143283346493797e-05,0.0001017831624773928,29,0.41379310344827586,0.00027503725267957567,5,0.4,0.0030434683583793606,24,0.4166666666666667,-0.0003017192276745465,0,,,18,0.4444444444444444,0.0014300670714069341,11,0.36363636363636365,-0.0016150115416015568,1.0,1.0,0.9703432189270244
90,0.75,10,94,0.425531914893617,0.003337321729137641,15,0.4,0.84912109375,-0.001697803233870671,18,9,0.5,0.5927352905273438,0.0042081786279838905,0.002624677943071839,10,-0.003248029659430974,0.011536776057507815,8,17,17.0,0.5,0.5294117647058824,0.003784627232947259,0.004331948587630476,18,0.5,0.0042081786279838905,4,0.5,0.006925474613535523,14,0.5,0.0034318083463977106,0,,,12,0.5833333333333334,0.006288955830854482,7,0.42857142857142855,0.0050939406307296126,1.0,1.0,0.6551149616794402
90,0.75,15,86,0.45348837209302323,0.0071677951675925946,14,0.35714285714285715,0.91021728515625,-0.0009550595692169228,12,6,0.5,0.61279296875,0.007369071396483817,0.0026385285504218906,15,-0.0032333704935698926,0.019413427104096322,11,12,12.0,0.5,0.5,0.0067337443039288715,0.007369071396483817,12,0.5,0.007369071396483817,3,0.6666666666666666,0.016950480809048492,9,0.4444444444444444,0.004175268258962258,0,,,9,0.5555555555555556,0.012398314705588801,4,0.5,0.006408547144234663,1.0,1.0,0.6607797400866378
90,0.75,30,68,0.8676470588235294,0.03168453927145973,10,0.6,0.376953125,0.009379129818117324,7,6,0.8571428571428571,0.0625,0.028049385900784967,0.030153038170687558,30,0.0131513354265638,0.05194749926119785,15,7,7.0,0.8571428571428571,0.8571428571428571,0.02696025374211935,0.029522152994908013,7,0.8571428571428571,0.028049385900784967,1,1.0,0.012739025777429714,6,0.8333333333333334,0.030601112588010848,0,,,5,0.8,0.015260269919343348,2,1.0,0.05184351517059729,1.0,1.0,0.20759746751082972
90,0.75,45,68,0.8970588235294118,0.048781649596863735,10,0.6,0.376953125,0.01602592462584405,5,4,0.8,0.1875,0.037784947963835504,0.04557750849631925,45,0.024611647096672164,0.07288160038426833,15,5,5.0,0.8,0.8,0.03315153610752862,0.036745984588414694,5,0.8,0.037784947963835504,1,1.0,0.02824321231339505,4,0.75,0.040170381876445616,0,,,3,0.6666666666666666,0.01657438974355126,2,1.0,0.07223931384468378,1.0,1.0,0.1599466844385205
90,0.75,60,68,0.8676470588235294,0.056750585448373116,10,0.6,0.376953125,0.011640069660822367,5,4,0.8,0.1875,0.03453064217928247,0.023048395436291017,60,0.04567400394260284,0.06768842156486453,15,5,5.0,0.6,0.8,0.02492070265094083,0.03300585715715059,5,0.8,0.03453064217928247,1,1.0,0.023048395436291017,4,0.75,0.03740120386503033,0,,,2,1.0,0.04876862371351511,3,0.6666666666666666,0.025038654489794043,1.0,1.0,0.36987670776407866
90,0.75,90,69,0.8115942028985508,0.05687727502521643,10,0.6,0.376953125,0.007096802853462034,4,2,0.5,0.6875,0.009000726448984777,0.009306666429801536,90,0.056877275025216424,0.05687727502521645,16,3,4.0,0.5,0.5,0.006473626839404476,0.012760195790119926,4,0.5,0.009000726448984777,2,0.5,0.009306666429801536,2,0.5,-0.011789684262243739,1,0.0,-0.017566323717899283,2,1.0,0.08012670432672589,2,0.5,0.010008847671302779,1.0,1.0,
90,1.0,5,91,0.42857142857142855,0.0023068525259414613,12,0.3333333333333333,0.927001953125,0.0016181832046521648,25,9,0.36,0.9461239278316498,0.0015245417487286317,0.0,5,-0.0015881868522634784,0.006784459689932559,3,24,25.0,0.36,0.36,0.0014226308655766796,0.0015245417487286317,25,0.36,0.0015245417487286317,4,0.25,0.0019157181863922864,21,0.38095238095238093,0.0014500319510784116,0,,,16,0.4375,0.0031146517742189905,9,0.2222222222222222,-0.0013023205188097836,1.0,1.0,0.8810396534488504
90,1.0,10,84,0.44047619047619047,0.004427367699572658,12,0.4166666666666667,0.80615234375,0.0012981044544111882,17,8,0.47058823529411764,0.6854705810546875,0.0035777232558756606,0.0,10,-0.0024793983051491883,0.01310160588462014,7,16,16.0,0.47058823529411764,0.5,0.003427854310063966,0.004118590523859175,17,0.47058823529411764,0.0035777232558756606,3,0.3333333333333333,0.004268090748662614,14,0.5,0.003429787364564171,0,,,11,0.5454545454545454,0.005503777274220908,7,0.42857142857142855,0.0050939406307296126,1.0,1.0,0.7427524158613795
90,1.0,15,77,0.4675324675324675,0.008126050084438157,11,0.36363636363636365,0.88671875,0.002819789306288296,11,6,0.5454545454545454,0.5,0.007736762971321179,0.005277057100843781,15,-0.0029535460240951114,0.02053322992864716,10,11,11.0,0.5454545454545454,0.5454545454545454,0.007505147327794015,0.00819823142876305,11,0.5454545454545454,0.007736762971321179,2,0.5,0.012887311344307682,9,0.5555555555555556,0.006592196666213067,0,,,7,0.5714285714285714,0.00882005037744765,4,0.5,0.006408547144234663,1.0,1.0,0.688437187604132
90,1.0,30,60,0.9166666666666666,0.03546136031104282,8,0.75,0.14453125,0.016734280881126776,6,5,0.8333333333333334,0.109375,0.029271758831200128,0.023874190939555236,30,0.016385267239309415,0.05466258944467338,13,6,6.0,0.8333333333333334,0.8333333333333334,0.028847130151400335,0.03183601261298711,6,0.8333333333333334,0.029271758831200128,1,1.0,0.007662872745569137,5,0.8,0.03359353604832632,0,,,4,0.75,0.01358814151551577,2,1.0,0.05184351517059729,1.0,1.0,0.28723758747084305
90,1.0,45,60,0.95,0.05359740404536148,8,0.625,0.36328125,0.016075780954531813,5,4,0.8,0.1875,0.042944926801287996,0.05363215491579525,45,0.03386374617840548,0.07320359291006097,13,5,5.0,0.8,0.8,0.03932674555135325,0.04292119403223932,5,0.8,0.042944926801287996,1,1.0,0.023167059281534418,4,0.75,0.04788939368122639,0,,,3,0.6666666666666666,0.025174354472638754,2,1.0,0.07223931384468378,1.0,1.0,0.13328890369876709
90,1.0,60,60,0.9,0.06250838083902271,8,0.5,0.63671875,0.0079613453652324,5,4,0.8,0.1875,0.030572421643143905,0.017972242404430367,60,0.0625083808390227,0.06250838083902271,13,5,5.0,0.6,0.8,0.02247215055025221,0.03006286722738416,5,0.8,0.030572421643143905,1,1.0,0.017972242404430367,4,0.75,0.03372246645282229,0,,,2,1.0,0.04176325383091851,3,0.6666666666666666,0.023111866851294172,1.0,1.0,0.3768743752082639
90,1.0,90,61,0.819672131147541,0.06052368389496023,8,0.5,0.63671875,-0.009839736818537765,4,2,0.5,0.6875,0.006278195724664697,0.006768589913871302,90,0.060523683894960226,0.06052368389496025,13,4,4.0,0.5,0.5,0.005020134373049507,0.011306703323764957,4,0.5,0.006278195724664697,2,0.5,0.006768589913871302,2,0.5,-0.011789684262243739,1,0.0,-0.022642476749759752,2,1.0,0.06640324613328699,2,0.5,0.010008847671302779,1.0,1.0,
90,1.25,5,79,0.4177215189873418,0.0016550994503721722,9,0.1111111111111111,0.998046875,-0.006998918372112837,20,7,0.35,0.9423408508300781,-0.0011462307935307839,-0.0013106167399371436,5,-0.002082314922331631,0.005649005884589615,4,20,20.0,0.35,0.35,-0.0011462307935307839,-0.0008924231419377554,20,0.35,-0.0011462307935307839,3,0.3333333333333333,0.002554290915189715,17,0.35294117647058826,-0.0017992640362461659,0,,,13,0.46153846153846156,0.002861170793122021,7,0.14285714285714285,-0.008588548025885993,1.0,1.0,0.9926691102965678
90,1.25,10,73,0.4383561643835616,0.003915643686961545,8,0.375,0.85546875,-0.003651874412573931,12,6,0.5,0.61279296875,0.0026941897216053398,0.002624677943071839,10,-0.0029916996986237144,0.012948895908637825,8,12,12.0,0.5,0.5,0.0026941897216053398,0.0031172024742603874,12,0.5,0.0026941897216053398,2,0.5,0.010283138790738552,10,0.5,0.0011763999077786975,0,,,8,0.625,0.00832281435852296,5,0.4,0.0002251201745462894,1.0,1.0,0.866377874041986
90,1.25,15,67,0.44776119402985076,0.0069541215629524925,7,0.2857142857142857,0.9375,-0.0006875522753670347,8,3,0.375,0.85546875,0.001746109192919927,-0.005176605066352194,15,-0.0037104922603402347,0.02034920182879997,8,8,8.0,0.375,0.375,0.001746109192919927,0.0023806283219024982,8,0.375,0.001746109192919927,2,0.5,0.012887311344307682,6,0.3333333333333333,-0.001967624857542659,0,,,6,0.5,0.01104433067389205,3,0.3333333333333333,-0.0011689821101869419,1.0,1.0,0.9586804398533822
90,1.25,30,50,0.92,0.03713378640976605,4,0.75,0.3125,0.028952649674966118,3,2,0.6666666666666666,0.5,0.01605141136676867,0.007662872745569137,30,0.01549694651799134,0.05840332936672291,10,3,3.0,0.6666666666666666,0.6666666666666666,0.01605141136676867,0.022044597322691515,3,0.6666666666666666,0.01605141136676867,1,1.0,0.007662872745569137,2,0.5,0.020245680677368438,0,,,3,0.6666666666666666,0.01605141136676867,1,1.0,0.08509933051800432,1.0,1.0,
90,1.25,45,50,0.98,0.05785490930904789,4,0.75,0.3125,0.03204995466198654,3,2,0.6666666666666666,0.5,0.04217161853028586,0.02056627758147697,45,0.048687254622819,0.06744071191977562,10,3,3.0,0.6666666666666666,0.6666666666666666,0.037008243680413756,0.04299899114855721,3,0.6666666666666666,0.04217161853028586,1,1.0,0.02056627758147697,2,0.5,0.0529742890046903,0,,,2,0.5,0.006330549037181862,1,1.0,0.09084647277357231,1.0,1.0,
90,1.25,60,50,0.96,0.07137446934335301,4,0.75,0.3125,0.030258455304285864,2,2,1.0,0.25,0.029231801879583623,0.029231801879583623,60,0.07137446934335301,0.07137446934335301,10,2,2.0,0.5,1.0,0.008981124147354386,0.02728329250741507,2,1.0,0.029231801879583623,1,1.0,0.017972242404430367,1,1.0,0.040491361354736875,0,,,1,1.0,0.017972242404430367,1,1.0,0.040491361354736875,1.0,1.0,
90,1.25,90,51,0.8823529411764706,0.0743800531280988,4,0.75,0.3125,0.04466499605684826,2,1,0.5,0.75,0.04041081396597951,0.04041081396597951,90,0.0743800531280988,0.07438005312809881,10,2,2.0,0.5,0.5,0.04041081396597951,0.051710065828010986,2,0.5,0.04041081396597951,1,0.0,-0.025126950077421644,1,1.0,0.10594857800938066,1,0.0,-0.025126950077421644,1,1.0,0.10594857800938066,1,1.0,0.10506892796076102,1.0,1.0,
